"time","tank1.medium.T_degC","tank.medium.T_degC","tank11.medium.T_degC"
0,25.022953302085227,25.022953302085227,25.022953302085227
2,25.028447379793135,25.056356652769125,25.0235847825341
4,25.042004999808853,25.102300962802303,25.02399618290127
6,25.057962514639996,25.143200109862562,25.02382999213188
8,25.077803386561357,25.17860895131679,25.024175901465526
10,25.100180933269428,25.209929374459136,25.025349584526964
12,25.123951979058177,25.23823230431657,25.027355335380378
14,25.148353824710114,25.26426857050177,25.030060863955498
16,25.172888312291946,25.288559740525955,25.03331613660572
18,25.197235088661444,25.311468863301627,25.037014770142434
20,25.221193004321606,25.333251485130802,25.041094268007043
22,25.244640420875783,25.354090994153296,25.04551387840303
24,25.26750868940161,25.37412161423123,25.050236205903673
26,25.28976430748827,25.39344320950312,25.0552210028157
28,25.311396676322545,25.412131251804055,25.06042711276001
30,25.332409779987927,25.430243787431607,25.065816428552182
32,25.352816630530185,25.447826418618945,25.071356020277392
34,25.37263554092857,25.464915896705577,25.077017918786225
36,25.39188767913646,25.481542618977812,25.082777947197258
38,25.410595504378932,25.497732310439858,25.088614633588406
40,25.428781721507164,25.513507206233896,25.094508547562384
42,25.44646863398276,25.528886858784574,25.100442088108082
44,25.463677842705636,25.543888613978254,25.106399552017876
46,25.480429974730157,25.558528089303934,25.11236702258026
48,25.496744549769744,25.572819510412558,25.11833218122098
50,25.512639948098638,25.586775982495908,25.12428411056743
52,25.52813343848169,25.600409575126434,25.130213195265412
54,25.543241205057427,25.613731422616922,25.136111015929316
56,25.557978382484237,25.626751950815617,25.141970134540827
58,25.57235917041379,25.63948100757483,25.147783931970537
60,25.58639684855092,25.651927811466578,25.153546654900936
62,25.600103909035568,25.66410110771841,25.159253233535253
64,25.613492086026383,25.676009089290062,25.164899358879154
66,25.626572385518614,25.68765948651975,25.17048130167649
68,25.639355116289323,25.69905959413046,25.175995938193125
70,25.651849978025723,25.710216376106757,25.181440603319345
72,25.664066149241933,25.721136515610567,25.186812930520034
74,25.676012284030264,25.731826357820694,25.19211104268976
76,25.687696548694873,25.742291947756087,25.197333437456848
78,25.699126675379205,25.752539047432663,25.2024789214027
80,25.710310014843515,25.76257318095969,25.20754665930832
82,25.721253542965712,25.772399648666976,25.212535922810787
84,25.73196390949596,25.782023558460708,25.21744619175712
86,25.74244745335244,25.79144982903057,25.222277505950444
88,25.75271021391626,25.800683182742375,25.22702918618421
90,25.76275794831787,25.809728156168887,25.231701263589628
92,25.77259617905912,25.818589111162225,25.236294612813424
94,25.782230177646227,25.82727024824777,25.240809508088034
96,25.79166501457388,25.835775683362556,25.245246318736292
98,25.80090554925863,25.84410938727143,25.249605492815192
100,25.809956465579432,25.852275201886243,25.253887577320654
102,25.81882227096338,25.860276821613354,25.25809293457354
104,25.827507312950786,25.868117826611694,25.262222988962492
106,25.836015784946824,25.875801698993712,25.26627894860502
108,25.84435174331651,25.883331874012526,25.270260837858302
110,25.85251909944583,25.89071166553191,25.27416953271262
112,25.860521621874966,25.897944233142482,25.27800620158581
114,25.868362989809555,25.90503269567381,25.281771848847313
116,25.876046777276713,25.911980101543406,25.285467557136883
118,25.88357643845262,25.91878941835847,25.289094202781428
120,25.890955306237686,25.925463517334208,25.292652640363087
122,25.89818661972589,25.932005188476353,25.296144117979736
124,25.90527352196642,25.93841715315699,25.299569338794697
126,25.91221904371031,25.94470205055444,25.30292984959334
128,25.919026187187285,25.950862497260175,25.306226604240067
130,25.92569791102011,25.956901077217537,25.309460467059637
132,25.932236980759114,25.962820228300927,25.312632624003243
134,25.938646247867553,25.968622450286887,25.31574410858019
136,25.944928345978894,25.974310067117187,25.31879594026435
138,25.951085940537098,25.9798854289117,25.321789148437176
140,25.95712159421788,25.98535080199673,25.32472474625905
142,25.963037714232144,25.99070832413514,25.327603769249492
144,25.96883681336061,25.995960220118093,25.330427244193572
146,25.974521263511008,26.001108598236726,25.33319616349212
148,25.98009330596443,26.00615545870795,25.335911484839983
150,25.985555388524915,26.011102972653987,25.33857422339969
152,25.990909525178324,26.01595295108899,25.34118530247798
154,25.996158091803466,26.020707505607618,25.34374571739187
156,26.001303174617135,26.025368503436482,25.3462563923826
158,26.006346755046536,26.029937722642842,25.34871822329518
160,26.011291056112384,26.034417146862268,25.351132172330438
162,26.016137837664076,26.03880836601985,25.353499103431147
164,26.020889240166696,26.043113293501108,25.355819955803383
166,26.02554716689059,26.047333638636758,25.358095597353042
168,26.03011341421751,26.051471017840242,25.360326854386074
170,26.034589869341687,26.05552712646687,25.36251458855071
172,26.038978334324668,26.05950358586705,25.364659628362062
174,26.043280571733646,26.063401983060032,25.366762786965012
176,26.047498257906398,26.067223828715157,25.368824844970902
178,26.05163303923274,26.070970607753054,25.370846571125696
180,26.055686552818713,26.074643797922874,25.372828729898686
182,26.059660373766803,26.078244822404997,25.37477206212185
184,26.063556033852194,26.081775066602006,25.376677291849035
186,26.06737516190725,26.08523599768438,25.378545324583058
188,26.071119269722033,26.08862898227136,25.380376944960688
190,26.074789762636385,26.091955295451896,25.382172831709852
192,26.078388057748896,26.095216221446265,25.383933724564542
194,26.08191553536193,26.098413012257595,25.385660355702214
196,26.08537374323413,26.101547063735836,25.387353143137318
198,26.08876404868289,26.104619615694958,25.389012712955093
200,26.092087727266914,26.107631828355068,25.390639766189395
202,26.0953460837531,26.110584886497747,25.392234900599476
204,26.098540500357387,26.11348002310484,25.39379904977494
206,26.10167220731813,26.116318360362072,25.3953327223698
208,26.10474245172344,26.11910102666053,25.396836561925454
210,26.107752447222026,26.121829112512557,25.398311029461013
212,26.11070336247377,26.124503649080395,25.399756145399067
214,26.11359636818014,26.12712569561046,25.40117254047192
216,26.11643259727117,26.129696265416726,25.402560566091154
218,26.119213166513816,26.132216373823724,25.40392117054722
220,26.12193916537609,26.134687009547463,25.4052552494706
222,26.12461164827488,26.13710911477682,25.406563193759837
224,26.12723164794687,26.139483619531177,25.407845669362416
226,26.129800223657583,26.14181151485974,25.40910289019297
228,26.132318361731393,26.144093693162688,25.410335514555698
230,26.134787034453268,26.146331042746795,25.411544114316087
232,26.137207227829265,26.148524463947467,25.412729110454336
234,26.139579905679454,26.15067483923491,25.413890915465174
236,26.141905987158623,26.15278301633799,25.415030010490398
238,26.14418639965612,26.15484982510128,25.416146828657986
240,26.1464220510789,26.156876079958067,25.417241784130113
242,26.14861382303826,26.158862584778205,25.418315267211767
244,26.150762578338856,26.160810117497988,25.419367699291058
246,26.152869163540174,26.162719439739305,25.42039947820109
248,26.154934409825557,26.16459129763831,25.42141097170105
250,26.156959131136375,26.166426426026135,25.42240255976759
252,26.158944122932837,26.168225539616458,25.423374607706307
254,26.160890162467183,26.169989334081095,25.424327467966066
256,26.162798015791907,26.17171851097288,25.425261589896024
258,26.164668428764287,26.173413746086396,25.426177370567586
260,26.166502129454955,26.17507569788728,25.427075195661416
262,26.168299840814996,26.176705025508852,25.4279554364187
264,26.1700622629873,26.178302367293384,25.428818484298347
266,26.171790082950736,26.17986835025596,25.429664708879557
268,26.17348399151848,26.18140360214528,25.43049432719448
270,26.1751446485452,26.18290872744211,25.431307679583085
272,26.17677269566144,26.18438430547718,25.432105046678487
274,26.1783687819306,26.185830918550607,25.43288672599357
276,26.1799335612032,26.18724916277148,25.43365301939224
278,26.181467575884255,26.188639522796564,25.43440424919237
280,26.18297148085759,26.19000259242074,25.435140712628538
282,26.184445856537025,26.191338896688478,25.435862715031305
284,26.185891299342927,26.192648974825204,25.4365705614386
286,26.187308390580654,26.193933353550676,25.43726453949381
288,26.188697642171803,26.195192499987172,25.437944900777836
290,26.190059649423176,26.19642695260751,25.438611945674268
292,26.191394905565346,26.19763716066035,25.439265897836606
294,26.192703972578045,26.19882363392884,25.43990703658386
296,26.193987370090838,26.199986843639124,25.44053560532501
298,26.19524559293467,26.201127238059428,25.441151825952886
300,26.196479150504558,26.202245278843918,25.441755938557378
302,26.197688510385944,26.203341387747912,25.442348191392796
304,26.198874146276296,26.204415992882275,25.442928809999273
306,26.200036522937523,26.205469515655125,25.4434980310495
308,26.201176091655213,26.206502364661844,25.444056086959506
310,26.20229329458067,26.207514940450153,25.44460320577872
312,26.203388573917948,26.208507645741008,25.445139614092056
314,26.20446235437811,26.20948086616187,25.445665537212165
316,26.20551505896043,26.210434985373638,25.446181148658354
318,26.20654709943568,26.211370378084155,25.446686649446576
320,26.20755888272646,26.212287413319984,25.447182219260128
322,26.208550809271685,26.213186453622654,25.447668027166117
324,26.209523269648287,26.214067853034123,25.448144243876243
326,26.210476644110088,26.214931953058056,25.448611092843578
328,26.21141130791301,26.215779092203263,25.449068747318904
330,26.212327617282142,26.21660959226375,25.449517430811568
332,26.213225943595432,26.217423788404915,25.44995734498599
334,26.214106638878263,26.218222001118136,25.45038866215674
336,26.21497002850373,26.219004530961854,25.45081152585061
338,26.215816476144084,26.219771706760923,25.451226129417876
340,26.21664629684045,26.220523814407045,25.451632581185265
342,26.21745984093826,26.22126117274985,25.452031056735734
344,26.218257416748145,26.22198406036381,25.452421698243427
346,26.219039333363583,26.22269275657851,25.452804648233553
348,26.2198059143073,26.223387554667795,25.453180061262117
350,26.220557440696496,26.224068706980745,25.45354809473855
352,26.221294232627145,26.224736503475754,25.453908897805547
354,26.222016556818573,26.22539118582796,25.454262620089878
356,26.222724708834278,26.22603302130989,25.454609412621664
358,26.22341897486052,26.226662269480414,25.45494941946714
360,26.224099621187122,26.227279173225213,25.455282773203237
362,26.224766924628113,26.227883984007747,25.455609613096783
364,26.225421133540692,26.228476927111785,25.455930046323886
366,26.226062503435003,26.229058235344667,25.456244192549036
368,26.226691290963515,26.22962814143324,25.456552171524493
370,26.22730774935468,26.23018687484324,25.45685409991114
372,26.227912117731705,26.230734652142644,25.45715008562314
374,26.228504620851993,26.23127167420688,25.457440243012286
376,26.229085487848067,26.231798147307074,25.457724677767885
378,26.2296549500698,26.23231428210812,25.458003536588024
380,26.23021323793688,26.232820286392496,25.45827693682196
382,26.23076056657129,26.233316355995328,25.458544982959722
384,26.231297141475295,26.233802679476582,25.458807771150248
386,26.231823187134808,26.234279460038408,25.45906541781875
388,26.232338900360162,26.234746877196983,25.459318011487596
390,26.232844499267287,26.23520512926558,25.4595656617617
392,26.233340172297346,26.235654385877353,25.459808446106365
394,26.233826115071054,26.236094823763153,25.460046449939057
396,26.23430252615907,26.236526622935628,25.460279768993075
398,26.234769582064075,26.236949942496096,25.460508491920052
400,26.235227481636286,26.23736496246687,25.46073270961864
402,26.235676387358637,26.237771830041027,25.46095252700553
404,26.236116486968456,26.23817071500804,25.461168036342826
406,26.236547955962635,26.238561776494464,25.46137932805567
408,26.23697096094503,26.238945165972666,25.461586488717273
410,26.237385673163715,26.23932103885653,25.461789605689376
412,26.237792247090113,26.239689535832497,25.461988740063987
414,26.238190841472772,26.240050801473387,25.46218396592957
416,26.23858161672257,26.240404981342806,25.462375359642294
418,26.238964728897656,26.240752217210627,25.462562992540313
420,26.239340321650104,26.241092638996918,25.46274693218612
422,26.239708526977722,26.24142636432731,25.462927253985697
424,26.240069497063644,26.24175353135871,25.463104027334396
426,26.24042337752752,26.242074271587455,25.463277323413024
428,26.240770306338447,26.242388710520743,25.46344721355723
430,26.24111041419434,26.242696967974155,25.463613769250458
432,26.24144385042422,26.24299917834793,25.463777061598023
434,26.241770756756353,26.243295470091937,25.463937161859292
436,26.2420912489153,26.2435859483233,25.46409412461486
438,26.2424054259306,26.24387070317897,25.464247993737843
440,26.24271344385096,26.244149875958612,25.464398849672136
442,26.243015434330516,26.244423586072855,25.464546757215828
444,26.243311500759376,26.244691927149063,25.46469176436807
446,26.243601733152616,26.24495498061293,25.464833911178005
448,26.24388627711329,26.245212878599716,25.46497327073422
450,26.244165253972426,26.245465731103366,25.46510990169878
452,26.24443875760261,26.245713622994742,25.465243850736158
454,26.24470687307695,26.24595663109409,25.465375160665133
456,26.244969733853907,26.246194876490506,25.465503895447398
458,26.245227451785638,26.246428460505,25.465630109603183
460,26.245480096489757,26.246657446327106,25.465753838557646
462,26.245727729921384,26.246881890227257,25.465875114270773
464,26.245970480586664,26.247101908563252,25.465993998793067
466,26.24620844652594,26.247317590185446,25.466110540400052
468,26.24644172577922,26.247529023945106,25.466224787367253
470,26.246670416386962,26.247736298692587,25.46633678797042
472,26.246894616389397,26.24793950327893,25.466446590485077
474,26.24711442382676,26.248138726555283,25.466554243186636
476,26.24732987815804,26.24833400441952,25.466659763625273
478,26.247541049209133,26.24852540021942,25.466763185277784
480,26.24774807074874,26.24871303510116,25.466864575159377
482,26.247951034559435,26.24889699225895,25.46696397826355
484,26.248150032423666,26.24907735488756,25.4670614395838
486,26.248345156124458,26.24925420618132,25.467157004113744
488,26.248536497444263,26.24942762933489,25.46725071684665
490,26.248724148165763,26.24959770754259,25.467342622775902
492,26.248908034941735,26.249764374369704,25.467432685479196
494,26.249088209088143,26.249927676341883,25.467520929998102
496,26.249264851262467,26.25008777718648,25.467607445145347
498,26.249438041001042,26.250244749001297,25.467692269876068
500,26.24960785784009,26.25039866388346,25.467775443145968
502,26.249774381315717,26.250549593930657,25.467857003910183
504,26.249937690964032,26.25069761124047,25.467936991124645
506,26.25009786632114,26.25084278791047,25.468015443744378
508,26.25025481041513,26.25098503585349,25.468092313409613
510,26.250408585871526,26.251124411820285,25.46816763071098
512,26.250559350162632,26.251261058637226,25.468241473156866
514,26.250707170763974,26.251395037456348,25.46831387373703
516,26.250852115151304,26.25152640943014,25.46838486544044
518,26.250994250800034,26.25165523571087,25.468454481256288
520,26.25113364518569,26.251781577450913,25.46852275417399
522,26.251270365784023,26.25190549580242,25.468589717182965
524,26.25140431895767,26.252026905800733,25.46865532461146
526,26.251535577602738,26.252145873514394,25.468719612095413
528,26.251664266818068,26.252262512355003,25.468782640757183
530,26.251790443883976,26.252376874229128,25.468844438608983
532,26.251914166081235,26.252489011042883,25.468905033662338
534,26.25203549069016,26.25259897470272,25.468964453929345
536,26.252154474992096,26.25270681711487,25.46902272742153
538,26.252271176267243,26.25281259018567,25.469079882150538
540,26.252385552625412,26.252916255927687,25.469135897298372
542,26.252497664412942,26.25301786902645,25.46919080238598
544,26.25260758905671,26.253117499649477,25.469244635344978
546,26.252715370400608,26.25321518752338,25.469297417570772
548,26.252821051338344,26.253310971513486,25.46934916999163
550,26.252924673813766,26.253404889623823,25.469399913067775
552,26.253026278819846,26.253496978996907,25.46944966679081
554,26.253125906400044,26.253587275914413,25.469498450685194
556,26.253223582841258,26.253675804388024,25.469546279538065
558,26.25331934801858,26.25376260052002,25.469593172515317
560,26.25341324098548,26.253847699665414,25.469639148358112
562,26.253505296361766,26.25393113321485,25.469684224178707
564,26.253595547702673,26.25401293159615,25.469728416582768
566,26.253684027499332,26.25409312427354,25.4697717416704
568,26.253770767177855,26.254171739748415,25.46981421503557
570,26.25385579710013,26.25424880555903,25.46985585176634
572,26.253939179891802,26.254324378442504,25.46989668132659
574,26.254020936181576,26.254398477128746,25.469936714397193
576,26.25410109001365,26.254471123439373,25.469975963153217
578,26.254179671454438,26.254542344646268,25.470014442428408
580,26.25425670978467,26.254612167310313,25.470052166674634
582,26.254332233498474,26.25468061728094,25.470089149962348
584,26.254406270304287,26.254747719696468,25.47012540598047
586,26.254478847124517,26.254813498984447,25.470160948035925
588,26.25455001092604,26.254877997582014,25.470195797767644
590,26.25461978057382,26.254941232665544,25.47022996500658
592,26.254688179642187,26.255003225639427,25.47026346150136
594,26.254755234240577,26.255064000181903,25.47029630000742
596,26.254820969856212,26.255123579406757,25.47032849296744
598,26.2548854113532,26.25518198586343,25.470360052510898
600,26.2549485829731,26.255239241537254,25.47039099045361
602,26.25501050833492,26.255295367849214,25.47042131829852
604,26.25507122599396,26.255350399496876,25.470451054950615
606,26.255130752314074,26.25540435142642,25.470480208305787
608,26.255189108954312,26.255457243284184,25.47050878888166
610,26.255246318686716,26.255509095696482,25.470536807742917
612,26.25530240377583,26.25555992882704,25.470564275697996
614,26.255357385977902,26.255609762377446,25.470591203298852
616,26.25541128654112,26.25565861558715,25.470617600841308
618,26.25546412620605,26.255706507233583,25.47064347836448
620,26.255515932684773,26.255753462531118,25.47066885076498
622,26.25556672230522,26.2557994961997,25.470693725247145
624,26.25561651452307,26.255844625849875,25.470718111244366
626,26.255665328795146,26.25588886909992,25.470742018281783
628,26.2557131841225,26.255932243154177,25.470765455663866
630,26.255760099050292,26.255974764802943,25.470788432474308
632,26.25580609166815,26.256016450422123,25.47081095757602
634,26.25585117960958,26.256057315973237,25.470833039611136
636,26.25589539142328,26.25609738759414,25.470854692401815
638,26.25593873796521,26.25613667495537,25.470875921362733
640,26.25598123625531,26.256175193477645,25.47089673483157
642,26.256022903182668,26.256212958471167,25.470917141079838
644,26.256063755255298,26.256249984901103,25.47093714819374
646,26.25610380860013,26.256286287387923,25.470956764074174
648,26.256143078963248,26.25632188020853,25.470975996437176
650,26.256181581709768,26.256356777294457,25.470994852813135
652,26.25621933182407,26.256390992233207,25.471013340547472
654,26.256256343909115,26.25642453826805,25.47103146680041
656,26.256292632187467,26.25645742829755,25.471049238546755
658,26.25632821050027,26.256489674875695,25.47106666257656
660,26.256363092308163,26.256521290212447,25.47108374549424
662,26.256397290690245,26.256552286173076,25.471100493719348
664,26.256430818345223,26.256582674278604,25.471116913485673
666,26.25646368877932,26.25661246676026,25.471133011413315
668,26.256495933687177,26.256641691985408,25.471148802853634
670,26.25652754961817,26.256670347123702,25.471164286279475
672,26.256558548484406,26.256698442973004,25.471179467537866
674,26.25658894185534,26.25672599001956,25.471194352309737
676,26.256618740956412,26.256752998439936,25.471208946108106
678,26.256647956670747,26.25677947809885,25.471223254279778
680,26.25667659953814,26.256805438550998,25.471237282003983
682,26.256704679755387,26.25683088903969,25.471251034293175
684,26.2567322071763,26.256855838497756,25.471264515992686
686,26.25675919131146,26.256880295547205,25.471277731780958
688,26.25678564132835,26.256904268499,25.471290686169425
690,26.25681156605168,26.256927765353964,25.471303383502175
692,26.256836973962947,26.256950793800854,25.47131582795697
694,26.25686187320042,26.256973361218968,25.47132802354389
696,26.256886271559495,26.256995474675875,25.471339974106343
698,26.256910187877622,26.257017151253933,25.47135168878225
700,26.25693369298159,26.25703845518359,25.47136320164651
702,26.25695673860838,26.257059342695527,25.471374489643893
704,26.25697933326802,26.257079821506807,25.471385556950565
706,26.257001485215767,26.257099899104162,25.471396407618442
708,26.2570232024529,26.257119582743883,25.471407045574722
710,26.25704449272581,26.257138879451702,25.471417474622456
712,26.25706536352692,26.257157796023364,25.47142769843998
714,26.257085822094325,26.257176339024056,25.47143772058149
716,26.25710587541124,26.25719451478841,25.471447544476348
718,26.257125530207134,26.257212329420952,25.471457173429542
720,26.257144792956467,26.257229788795655,25.47146661062169
722,26.25716366988007,26.257246898556048,25.471475859109262
724,26.257182166943664,26.25726366411544,25.47148492182322
726,26.2572002898591,26.257280090656934,25.471493801571285
728,26.257218044083572,26.25729618313295,25.4715025010359
730,26.25723545176669,26.257311961525204,25.471511030758222
732,26.25725256531763,26.257327473062503,25.471519415528235
734,26.257269343026735,26.25734268022103,25.47152763579669
736,26.257285791090396,26.25735758861316,25.471535694575834
738,26.257301915518212,26.25737220368279,25.471543594785715
740,26.25731772213527,26.25738653070499,25.471551339253836
742,26.257333216579752,26.25740057478646,25.4715589307163
744,26.25734840430465,26.257414340865182,25.47156637181621
746,26.257363290577302,26.257427833710096,25.47157366510504
748,26.257377880478714,26.25744105792222,25.471580813042067
750,26.25739217890458,26.257454017933412,25.471587817994134
752,26.25740619056438,26.257466718007493,25.471594682236343
754,26.25741991998217,26.257479162238894,25.47160140795114
756,26.257433371496234,26.257491354553906,25.471607997229114
758,26.257446549258646,26.257503298710446,25.471614452068764
760,26.257459457236166,26.25751499829704,25.471620774376277
762,26.25747211757613,26.25752647342989,25.47162697541529
764,26.25748456202001,26.257537752946007,25.471633071389135
766,26.257496761677032,26.257548810567812,25.471639047309225
768,26.257508721150373,26.257559650463747,25.471644905423034
770,26.25752044491088,26.257570276682543,25.47165064791335
772,26.2575319372973,26.25758069315299,25.471656276898727
774,26.257543202516615,26.257590903684388,25.471661794432578
776,26.25755424464313,26.257600911966108,25.47166720250442
778,26.25756506761951,26.257610721567687,25.471672503039088
780,26.257575675256078,26.25762033593861,25.471677697896382
782,26.257586071231287,26.257629758408882,25.47168278887233
784,26.257596259091144,26.257638992188333,25.471687777698037
786,26.257606242250006,26.257648040367542,25.471692666039928
788,26.257616023989783,26.25765690591669,25.471697455500077
790,26.257625607460398,26.25766559168659,25.471702147616213
792,26.257634995679894,26.257674100407996,25.47170674386092
794,26.25764420649392,26.257682448362004,25.471711253230353
796,26.257653254684044,26.25769064903028,25.47171568316827
798,26.257662124982232,26.257698688437074,25.47172002588144
800,26.257670820756573,26.257706569637378,25.4717242830298
802,26.25767934527738,26.25771429559694,25.471728456227254
804,26.25768770171686,26.25772186919272,25.47173254703938
806,26.257695893149105,26.257729293213572,25.47173655698515
808,26.257703922550547,26.257736570359214,25.471740487536238
810,26.25771179279883,26.257743703240692,25.471744340116686
812,26.257719506674505,26.257750694380718,25.471748116103697
814,26.257727066859218,26.257757546212986,25.47175181682718
816,26.257734475937525,26.25776426108274,25.471755443569293
818,26.257741736395303,26.25777084124644,25.471758997565473
820,26.257748850620544,26.25777728887209,25.4717624800042
822,26.257755820903583,26.257783606038686,25.471765892025758
824,26.257762649436074,26.25778979473654,25.47176923472381
826,26.25776934804395,26.257795865654145,25.471772513634903
828,26.257775922449298,26.257801823968464,25.471775731476725
830,26.257782366823392,26.25780766442807,25.47177888563664
832,26.257788683684055,26.257813389316823,25.47178197735019
834,26.257794875499997,26.257819000874008,25.471785007828373
836,26.257800944690928,26.25782450129492,25.471787978257964
838,26.257806893630402,26.257829892732445,25.47179088980164
840,26.257812724646726,26.25783517729866,25.47179374359979
842,26.257818440023755,26.257840357065504,25.4717965407703
844,26.257824042003165,26.257845434066382,25.47179928240911
846,26.257829532785138,26.257850410297294,25.47180196959124
848,26.25783491453086,26.257855287718655,25.471804603371595
850,26.257840189362184,26.257860068255525,25.47180718478552
852,26.25784535936515,26.257864753799765,25.471809714848575
854,26.2578504265893,26.257869346210953,25.471812194558822
856,26.25785539305099,26.257873847317853,25.47181462489567
858,26.257860261283156,26.25787825939409,25.47181700732807
860,26.25786503326293,26.257882584232163,25.4718193428252
862,26.25786971061308,26.257886823316483,25.471821632041895
864,26.2578742952615,26.257890978394755,25.47182387592551
866,26.25787878911143,26.257895051191383,25.47182607541032
868,26.257883194043245,26.25789904340985,25.47182823141935
870,26.25788751191527,26.25790295673363,25.471830344864486
872,26.257891744565484,26.257906792827896,25.4718324166476
874,26.257895893813327,26.257910553340082,25.47183444766091
876,26.257899961460623,26.25791423990205,25.471836438787875
878,26.257903949293734,26.25791785413088,25.47183839090377
880,26.257907859084014,26.257921397630582,25.47184030487648
882,26.257911692590653,26.257924871992884,25.471842181567183
884,26.257915451561132,26.25792827879974,25.471844021831373
886,26.2579191377327,26.25793161962264,25.4718458265192
888,26.25792275283453,26.2579348960258,25.471847596475925
890,26.257926290823036,26.257938102598303,25.47184932875774
892,26.257929754998088,26.257941242313393,25.47185102497525
894,26.257933149873622,26.257944319233445,25.471852687330227
896,26.2579364767401,26.257947334527273,25.471854316452493
898,26.257939736858873,26.257950289337998,25.47185591295778
900,26.257942931462537,26.257953184782366,25.471857477446463
902,26.2579460617564,26.257956021951998,25.471859010505966
904,26.257949128918142,26.257958801913958,25.471860512709497
906,26.257952134098616,26.25796152571087,25.471861984616623
908,26.257955078423663,26.257964194362046,25.471863426774178
910,26.257957962992975,26.25796680886384,25.471864839716034
912,26.2579607888826,26.25796937019055,25.471866223963787
914,26.257963557144024,26.257971879294303,25.471867580026753
916,26.257966268805774,26.257974337106646,25.471868908402087
918,26.257968924874092,26.257976744538325,25.47187020957591
920,26.257971526332824,26.257979102480192,25.471871484023097
922,26.25797407414501,26.25798141180377,25.471872732207487
924,26.257976569252776,26.25798367336239,25.471873954582122
926,26.2579790125788,26.2579858879904,25.471875151590382
928,26.2579814050261,26.25798805650544,25.471876323664958
930,26.257983747479386,26.257990179707633,25.471877471229675
932,26.25798604080552,26.25799225838165,25.471878594698467
934,26.257988285853628,26.25799429329544,25.471879694476513
936,26.25799048345681,26.257996285202637,25.471880770960126
938,26.257992634432128,26.25799823484209,25.471881824537775
940,26.257994739581193,26.258000142938783,25.471882855589286
942,26.25799679969117,26.258002010204166,25.471883864486983
944,26.25799881553513,26.25800383733764,25.47188485159569
946,26.258000787873186,26.25800562502576,25.471885817273403
948,26.258002717452484,26.258007373944167,25.471886761870735
950,26.258004605008693,26.25800908475736,25.471887685732725
952,26.258006451265885,26.258010758119383,25.471888589197363
954,26.25800829491078,26.2580124292179,25.47188949238756
956,26.258010109436498,26.258014073940615,25.471890381500145
958,26.25801188973213,26.258015687634895,25.471891253846195
960,26.258013636618728,26.258017271044025,25.47189210982475
962,26.258015350898233,26.258018824894123,25.47189294982587
964,26.258017033354975,26.258020349895276,25.471893774230637
966,26.258018684754404,26.25802184673995,25.47189458341103
968,26.2580203058439,26.258023316105152,25.471895377729936
970,26.25802189735242,26.25802475865015,25.47189615754104
972,26.25802345999051,26.2580261750183,25.47189692318949
974,26.25802499445018,26.25802756583579,25.471897675010553
976,26.25802650140548,26.25802893171243,25.471898413331644
978,26.25802798151193,26.258030273241104,25.471899138469723
980,26.258029435406286,26.25803159099854,25.471899850733678
982,26.258030863707916,26.258032885544196,25.471900550422845
984,26.258032267016404,26.258034157421264,25.47190123782792
986,26.25803364591451,26.258035407156,25.471901913230283
988,26.258035000965435,26.258036635258293,25.471902576902096
990,26.258036332714425,26.258037842221086,25.47190322910666
992,26.258037641688873,26.25803902852107,25.4719038700984
994,26.258038928396957,26.25804019461765,25.471904500122434
996,26.25804019332901,26.25804134095398,25.471905119414544
998,26.25804143695683,26.2580424679565,25.471905728202216
1000,26.25804265973369,26.25804357603505,25.47190632670339
1000,26.25804265973369,26.25804357603505,25.47190632670339
