"time","tank1.medium.T_degC","tank2.medium.T_degC","tank3.medium.T_degC","tank4.medium.T_degC","tank5.medium.T_degC","tank6.medium.T_degC","T_pumpB_out.T"
0,25.022953302085227,25.022953302085227,25.022953302085227,25.022953302085227,25.022953302085227,25.022953302085227,25.381101990857985
2,25.080123332319374,25.025163970003348,25.02539139935726,25.02548939213392,25.022997275000023,25.02278014403845,25.38126794606842
4,25.14099262744395,25.032962690227066,25.03394341427412,25.034236441842665,25.02338926858789,25.021878314524145,25.381659949469736
6,25.187969005974367,25.044853100131547,25.0468915509893,25.047209665841535,25.024414289165463,25.02040200255584,25.382684992421673
8,25.224977339452323,25.05940270111188,25.062569569078335,25.062651668961905,25.02622022352938,25.018859390616115,25.38449096546276
10,25.255068003931513,25.07562734954712,25.079907416728076,25.07941686787143,25.028860928794018,25.017578063384065,25.38713172711914
12,25.280337423938192,25.09285936177224,25.098244544785018,25.09677329603568,25.032331717942668,25.016552201331763,25.39060258952361
14,25.30221344371688,25.110646284370603,25.11707986299274,25.114269779466383,25.036591243394867,25.01570874884038,25.39486220469655
16,25.32167740106678,25.128681549686405,25.136046686325756,25.13163290178403,25.04157615003743,25.014982910905644,25.399847216020248
18,25.339403151872773,25.146759527530833,25.154934748508538,25.14869835164012,25.047208040382486,25.014321947118162,25.40547922435246
20,25.355854995459197,25.16474322097082,25.17360985442025,25.16537611458517,25.05340575651968,25.013719622833776,25.411677070071732
22,25.371354128091127,25.1825425502372,25.191989011401404,25.181623810742792,25.060091038931603,25.013187950085864,25.418362492039932
24,25.38612405713326,25.200099482342864,25.210023486871876,25.197428885725856,25.067191133948143,25.012735881455058,25.425462735063945
26,25.400321097698736,25.217377992239392,25.227687487681067,25.21279652744164,25.074639597190696,25.012362366047512,25.432911353379666
28,25.41405547078358,25.234357044028286,25.24497031703828,25.227741780653844,25.08237638170698,25.012058177254346,25.4406482987863
30,25.42740546442866,25.25102581881964,25.261871112737765,25.242284651385773,25.09034765056134,25.01181571368403,25.44861973323134
32,25.44042717798419,25.26738040121353,25.27839525777648,25.256447170539502,25.098505628780742,25.01162705263488,25.456777880752497
34,25.453161172777016,25.283421506235356,25.29455196969974,25.27025158645023,25.106808178874132,25.011486909441885,25.465080602986063
36,25.46563710587776,25.299152892046493,25.310352663313154,25.283719397535776,25.115218448631992,25.011392058566287,25.47349104696127
38,25.477876954263536,25.314580265351367,25.325809861926302,25.29687078217313,25.123704386258567,25.011339017599028,25.481977160221504
40,25.489897263364867,25.329710522940616,25.340936476884906,25.30972429304876,25.132238187725818,25.011324242974126,25.490511138164948
42,25.501710697749388,25.344551231632238,25.35574534535789,25.322296803730126,25.140795811695796,25.01134455039113,25.499068938961386
44,25.513327012370667,25.359110287569536,25.370248924714303,25.334603461690392,25.149356706256924,25.011396560131573,25.507630010277126
46,25.524753965315256,25.373395664591214,25.384459149039742,25.346657877911127,25.157903179927814,25.011477207602468,25.516176660269707
48,25.535998041366554,25.387415206725393,25.398387311800263,25.35847233821795,25.166419943580593,25.011583872193967,25.5246935994993
50,25.54706455982813,25.401176617627073,25.41204408857294,25.370057866248487,25.174893936784258,25.011714115135703,25.533167767268594
52,25.557958020355215,25.414687341235037,25.425439461893177,25.38142431784621,25.183314103802957,25.01186578961125,25.541588107617144
54,25.568682168573957,25.427954456894838,25.438582581647267,25.392580288869055,25.19167154327573,25.012036827482518,25.549945719006587
56,25.579240657558046,25.44098487051025,25.45148235459186,25.403534126183274,25.199957663542307,25.01222526363398,25.558232009603444
58,25.58963746964497,25.453787049085292,25.464149214984047,25.414295025801096,25.208164227327245,25.012428868422433,25.56643874196999
60,25.599874642479506,25.466365639676326,25.47658864811939,25.424867572485994,25.2162878702606,25.01264645533314,25.57456255167608
62,25.609954686783396,25.478726151779767,25.48880716913203,25.43525724100556,25.224324557921648,25.01287662757801,25.58259940422272
64,25.61988010419458,25.490874054016388,25.500811154250925,25.445469325668512,25.232270737560782,25.01311802113679,25.590545746785153
66,25.629654839744433,25.50281781497671,25.512610232811937,25.455511669063583,25.240122176972534,25.013368713546527,25.59839734706452
68,25.63927998521268,25.5145597682818,25.524207043031936,25.465386410250346,25.247877789394977,25.013628187746065,25.606153118276666
70,25.648758494086508,25.52610600144766,25.53560827719747,25.475098819272432,25.255535735576075,25.01389512476038,25.61381122115114
72,25.65809103087082,25.53745788943371,25.54681545172656,25.48465009428884,25.263095574601437,25.01416922552545,25.62137121477008
74,25.66728057066922,25.54862135245429,25.557834982451425,25.494045304277336,25.270556055495206,25.014449247669802,25.628831848135405
76,25.67632925064862,25.559600678532263,25.56867153400725,25.5032881346836,25.277916171542927,25.014734284317285,25.63619211451646
78,25.685238546401536,25.570398541374573,25.579327883815893,25.51238074032011,25.285176035540246,25.015023902831956,25.64345212671094
80,25.694011654006374,25.581021040913527,25.589810524672146,25.52132820788148,25.29233502239225,25.01531695792363,25.650611259611708
82,25.7026505820441,25.591471412651742,25.600122707637013,25.53013305173016,25.299394015700898,25.015612982450364,25.65767039685562
84,25.71116242990314,25.60176207400167,25.61027728476182,25.538805278803295,25.30635404377955,25.01590991078598,25.664630566803396
86,25.719543814980796,25.6118871085676,25.620268132587682,25.547340121242257,25.31321461654187,25.016208727049445,25.671491279350903
88,25.727794737100396,25.621846516075664,25.630095250847887,25.55573757885537,25.31997573387497,25.016509431241104,25.678252534387354
90,25.735917077568786,25.631643301180077,25.63976167985919,25.564000057190754,25.326638158280787,25.016811590252644,25.684915094425662
92,25.743920332307596,25.641292629879615,25.649282765586065,25.572139698146827,25.333205738664503,25.017113018128782,25.69148280841489
94,25.751797875865066,25.650783920641686,25.658647800947335,25.580148030189378,25.339675789516434,25.01741523998129,25.69795299081875
96,25.759549708082034,25.66011717322266,25.66785678570585,25.588025053147078,25.346048310732215,25.017718255810394,25.704325641535945
98,25.767181870727825,25.66930167013612,25.676919036471475,25.59577808015996,25.352326286750156,25.01802088619644,25.71060374510097
100,25.774703336198797,25.678351196483447,25.68584838897749,25.603417971676265,25.35851414965515,25.018321379646693,25.716791733741047
102,25.782106661747036,25.687254317309964,25.694633366281266,25.610935718817643,25.36460822291434,25.018621189002545,25.722885930809525
104,25.789391847232025,25.69601103240467,25.70327396817828,25.61833132143471,25.370608506433143,25.018920314263198,25.7288863362146
106,25.796567030220615,25.704633056323985,25.71178184182594,25.625614243608823,25.37651986221607,25.01921744034763,25.734797812052307
108,25.803634917464308,25.713124285610718,25.720160861351076,25.63278763333227,25.38234390747556,25.019512129814586,25.740621975568047
110,25.810591028348824,25.721478270119235,25.72840461372533,25.639846279621736,25.38807796513396,25.019805106726892,25.746356149636313
112,25.817435362750018,25.729695009664454,25.73651309876874,25.64679018234625,25.39372203510635,25.020096371084435,25.752000334173886
114,25.824179265147848,25.737790111899187,25.7445017094239,25.65363184409415,25.399283847367485,25.02038481150447,25.757562259277393
116,25.830820115127665,25.745759971663063,25.7523668901286,25.66036837695134,25.404761616401004,25.020670684687218,25.763040139404325
118,25.83735549022248,25.753601256129798,25.760105353908386,25.66699711115956,25.410153691570088,25.020954227940422,25.768432323894444
120,25.84378539032224,25.761313965137276,25.767717100605353,25.67351804660251,25.415460072798226,25.02123544126397,25.773738812673514
122,25.85011922948007,25.768910292749922,25.775214114769653,25.67994127575372,25.420687895875915,25.02151421237926,25.778966741602062
124,25.856354342977795,25.776386787324157,25.782593004064836,25.686263941866002,25.42583514097197,25.02179057306597,25.78411409083151
126,25.862492038989842,25.78374514333069,25.789855433848572,25.69248744738917,25.430902799679927,25.022064507720813,25.789181851966646
128,25.86853371018759,25.790987164689398,25.797003177048225,25.698613285359272,25.43589192763949,25.022335999732775,25.794171080659225
130,25.87448074924538,25.79811465532549,25.80403800659525,25.70464294881532,25.440803580493764,25.02260503249107,25.799082832563613
132,25.88033454884072,25.805129419168964,25.810961695426215,25.710577930799843,25.445638813887115,25.02287158938435,25.80391816333588
134,25.886096501654777,25.812033260155147,25.817776016482583,25.716419724359014,25.45039868346629,25.02313565380183,25.808678128634824
136,25.89176875378581,25.81882880869358,25.824483556897746,25.722170404957467,25.455084956233065,25.023397482317876,25.81336449552714
138,25.897353709429638,25.825518978319735,25.831087182722342,25.727832247578192,25.45969964287616,25.023657425090335,25.81797927478476
140,25.902851944652355,25.83210467717396,25.83758778441637,25.73340611399948,25.464243028015233,25.02391516940321,25.82252275098108
142,25.908264974964084,25.838587843936068,25.84398726766284,25.738893592221814,25.468716283265223,25.024170743178217,25.82699609575093
144,25.913594315877674,25.844970417289858,25.850287538149075,25.744296270249436,25.47312058024346,25.024424174337412,25.831400480731986
146,25.918841482909045,25.851254335924125,25.856490501566952,25.749615736088856,25.477457090568635,25.024675490802053,25.835737077562897
148,25.92400799157673,25.85744153853142,25.862598063612324,25.75485357775034,25.481726985861826,25.02492472049431,25.840007057885032
150,25.929095357402105,25.863533963808152,25.868612129985024,25.760011383246535,25.485931437745933,25.025171891335788,25.844211593340788
152,25.934103207677083,25.869530261509055,25.87453135084155,25.76508809389992,25.49007058626404,25.025412408680438,25.848350824074373
154,25.939033651603665,25.875433404409193,25.880358655458792,25.770086129869753,25.494145927379975,25.025647753825353,25.85242624604399
156,25.94388850125989,25.88124584774954,25.886096460835176,25.775007494844033,25.498158794733,25.02587868067377,25.85643919289612
158,25.948669165904278,25.886969345133878,25.89174648945692,25.779853627885075,25.50211030189331,25.026104956982692,25.860390778225337
160,25.95337705479693,25.892605650169514,25.89731046381354,25.784625968058265,25.50600156243314,25.026326350508555,25.864282115628043
162,25.95801357720137,25.89815651646694,25.90279010639773,25.789325954430808,25.50983368992587,25.02654262900836,25.868114318702055
164,25.962580142382365,25.903623697639716,25.90818713970515,25.79395502607275,25.513607797946577,25.026753560238546,25.871888501046612
166,25.967077267258276,25.909007718247096,25.913502095063734,25.79851367925204,25.517324484073868,25.026961309363344,25.875605260267548
168,25.971502560606666,25.91430509738001,25.918731621805648,25.80299933766338,25.520982664263727,25.02717585463546,25.879263512358648
170,25.975860145905642,25.919521327017662,25.92388106555319,25.80741630805693,25.52458502157714,25.02738967174838,25.882865940395277
172,25.98015120744725,25.92465785091173,25.92895184849266,25.811765791808455,25.528132539500177,25.027603132896104,25.886413527888294
174,25.984376929525013,25.92971611281706,25.933945392812063,25.81604899029577,25.531626201519714,25.027816610273078,25.889907258349865
176,25.988538496434046,25.93469755649045,25.93886312070248,25.820267104898505,25.535066991124438,25.028030476073866,25.89334811529318
178,25.99263709247151,25.939603625691404,25.9437064543568,25.824421336998,25.53845589180395,25.028245102493145,25.896737082232903
180,25.99667390193605,25.944435764182174,25.94847681597122,25.828512887977183,25.541793887048982,25.028460861725023,25.900075142684557
182,26.000647428317563,25.949192038625313,25.95317227111292,25.832540048254202,25.545079116075783,25.02866139221493,25.903360435879335
184,26.00455838789827,25.953873303208354,25.95779365597724,25.83650351101511,25.548312065820085,25.028844144767675,25.906593448776277
186,26.008409215988934,25.958482577633447,25.962343959146153,25.840405836057982,25.55149504706509,25.029017300434077,25.909776492187802
188,26.01220089057216,25.963021045760172,25.966824344488884,25.84424800073674,25.554628824403096,25.029179943540555,25.912910330730256
190,26.015934389631695,25.96748989145027,25.971235975875572,25.8480309824061,25.55771416242709,25.02933115841398,25.915995729020324
192,26.01961069115265,25.971890298567644,25.975580017179198,25.851755758422712,25.560751825731302,25.029470029381002,25.919033451676114
194,26.02323077312127,25.976223450977784,25.979857632274104,25.855423306144246,25.56374257891042,25.02959564076815,25.9220242633167
196,26.026795595430997,25.98049051282868,25.984069966388972,25.859034588486622,25.566687177910296,25.0297073007917,25.924968919910896
198,26.030302364296233,25.984688557472452,25.98821429636297,25.862587572165523,25.569584584261236,25.0298507633658,25.92786638288908
200,26.033754438456242,25.988821363343675,25.992294239579735,25.866085134865614,25.572436700658557,25.02999565489023,25.93071855504877
202,26.037152632089658,25.992889935790288,25.996310791101166,25.869528123193675,25.5752442133915,25.03014308659732,25.933526122697344
204,26.04049775937625,25.996895280161482,26.00026494599166,25.872917383757738,25.578007808749646,25.030294169719753,25.93628977214314
206,26.043790634496474,26.000838401808153,26.00415769931618,25.87625376316663,25.580728173023374,25.03045001549009,25.939010189694784
208,26.04703207163203,26.00472030608279,26.007990046141742,25.879538108030772,25.58340599250397,25.030611735141235,25.94168806166192
210,26.050222884966104,26.0085419983389,26.011762981536265,25.882771264961036,25.58604195348306,25.030780439905413,25.94432407435471
212,26.053364029744046,26.012304204878944,26.015477185752445,25.885954226756496,25.588637094717967,25.03094674368259,25.94691926651052
214,26.05645647823809,26.016007618327137,26.019133301048726,25.889088003860763,25.591192497505006,25.031099993452756,25.94947471940185
216,26.05950089453364,26.019653540972797,26.022732657484028,25.89217328733497,25.593708473091908,25.031252470333413,25.95199074433509
218,26.062498109367596,26.023242945434333,26.026276213194876,25.895210940945674,25.596185749127415,25.03140405393134,25.95446806897246
220,26.065448953477755,26.026776804331405,26.02976492631859,25.89820182846114,25.598625053260037,25.031554623852287,25.95690742097645
222,26.068354257602834,26.030256090284695,26.033199754994655,25.901146813649632,25.601027113139878,25.031704059703145,25.95930952801143
224,26.071214852482342,26.033681775916364,26.03658165736266,25.90404676028089,25.603392656416815,25.03185224109012,25.961675117740697
226,26.074031568856697,26.037054833849595,26.039911591564135,25.906902532125457,25.605722410742317,25.031999047619536,25.964004917829357
228,26.07680527081635,26.04037583525627,26.04319012633397,25.9097145842116,25.608016884326673,25.03214137870117,25.966299436423924
230,26.079536777461215,26.04364589290782,26.046418355756884,25.91248392300264,25.610276881428433,25.032280154321654,25.96855947782376
232,26.082226293838005,26.04686534996989,26.049596637715297,25.91521052272998,25.61250212983265,25.03241633451279,25.97078476981318
234,26.084874583477074,26.050035081074782,26.052725836446086,25.91789511975668,25.614693230740215,25.03254971084658,25.972975913599385
236,26.087482373739192,26.05315592104745,26.055806778173235,25.92053839543729,25.61685072540655,25.032680114371203,25.97513345044331
238,26.09005035984063,26.056228679415938,26.058840264926687,25.92314099414915,25.618975114398665,25.032807429803086,25.977257880917875
240,26.092579147690856,26.05925426737946,26.06182719394093,25.92570368666958,25.621067022081945,25.032932026536002,25.97934982942104
242,26.095069120755,26.06223333999452,26.064768213807213,25.92822696603713,25.623126770617375,25.033054493015072,25.981409618124133
244,26.097520805767147,26.0651665459323,26.06766396532788,25.930711365602008,25.625154760049156,25.03317487043688,25.983437647076983
246,26.09993477820518,26.06805460707716,26.070515159275317,25.93315750023993,25.627151496442423,25.033293256692843,25.985434422357116
248,26.102311611335665,26.070898238219513,26.073322499507015,25.935565978665352,25.629117479332024,25.033409737416207,25.987400443511092
250,26.10465186184166,26.07369813766826,26.076086674317423,25.937937388489956,25.63105317837227,25.033524401986313,25.989336180203622
252,26.106956092982898,26.076455010268603,26.0788083781743,25.940272325694025,25.63295907506648,25.03363733829707,25.991242113948545
254,26.10922470032841,26.079169218999425,26.0814879704281,25.942571106732146,25.63483543488536,25.033748317279503,25.99311851021639
256,26.11145828293928,26.081841541692654,26.084126217091296,25.94483438726121,25.63668278545373,25.033857494495862,25.994965896645454
258,26.113657373168337,26.084472620182794,26.086723750864678,25.947062711741353,25.638501568457116,25.033964899418095,25.99678471492973
260,26.115822502722665,26.08706309499047,26.089281203160397,25.949256623557346,25.64029222475034,25.034070560298517,25.99857540593291
262,26.1179542033114,26.08961360663676,26.091799205391055,25.951416666094985,25.642055195188334,25.034174505389785,26.000338410518566
264,26.12005300664265,26.0921247956432,26.094278388970395,25.95354338274018,25.643790920626714,25.03427676294433,26.00207416955061
266,26.12211944442589,26.094597302531668,26.096719385312156,25.95563731687895,25.645499841920753,25.034377361214695,26.00378312389381
268,26.124153937732615,26.097031620650625,26.099122681417555,25.9576989038473,25.647182320020136,25.034476398084337,26.00546563450945
270,26.126156875874983,26.099428201098988,26.10148872283179,25.959728547964062,25.648838692936067,25.034573991425475,26.007122039422484
272,26.128128906867857,26.10178783911448,26.10381829278134,25.961726906202045,25.650469485524525,25.0346700962927,26.00875286349344
274,26.130070544729676,26.104111151686254,26.106111999588563,25.9636945046704,25.652075125864314,25.034764752073727,26.010358534810507
276,26.131982303479106,26.106398755803923,26.108370451576832,25.96563186947907,25.65365604203413,25.03485799815593,26.011939481461866
278,26.133864697134925,26.108651268458118,26.110594257069522,25.967539526737653,25.655212662113456,25.03494987392611,26.013496131535703
280,26.13571823971671,26.110869306639472,26.112784024390464,25.96941800255655,25.65674541418133,25.035040418772326,26.01502891312066
282,26.13754344524392,26.11305348733896,26.1149403618644,25.971267823046844,25.658254726317807,25.035129672081496,26.016538254306056
284,26.13934036888503,26.115203799046583,26.117063262852014,25.97308888043966,25.659740710834797,25.035217413524663,26.018024267390842
286,26.14110967506025,26.117321064761256,26.119153537248224,25.974881908616055,25.66120389931308,25.035303767617563,26.01948748397257
288,26.1428519459634,26.119405994854844,26.12121188474663,25.976647527865964,25.662644766747746,25.03538881233493,26.020928379058716
290,26.144567667858098,26.121459168638864,26.123238876799576,25.978386226865325,25.664063721517607,25.035472572395918,26.02234736103594
292,26.146256479187002,26.12348013530135,26.125234075321885,25.980097675228592,25.665460356245774,25.03555499641783,26.02374402252667
294,26.147919198602096,26.125469878015167,26.127198447556054,25.981782682746314,25.66683539912816,25.03563613895591,26.02511909173836
296,26.14955622852898,26.127428874226382,26.129132465124997,25.983441657100286,25.668189177875945,25.03571601720415,26.02647289638901
298,26.151167971392795,26.129357601381514,26.13103659965151,25.985075005972988,25.669522020200077,25.035794648356443,26.027805764196728
300,26.15275482961914,26.13125653692788,26.132911322758844,25.98668313704701,25.670834253811734,25.035872049606553,26.02911802288014
302,26.154317205634072,26.133126158312223,26.134757106070822,25.98826645800449,25.672126206422206,25.035948238148592,26.030410000157303
304,26.15585550186364,26.13496694298243,26.13657442121115,25.98982537652904,25.67339820574358,25.036023231176443,26.03168202374718
306,26.157370041743945,26.136779299940883,26.13836367059986,25.99136021582052,25.674650566031858,25.03609705198852,26.032934407908385
308,26.158861131576543,26.13856362334269,26.140125241644853,25.99287128075315,25.675883598625717,25.036169725207458,26.0341674639796
310,26.160329253561997,26.140320459760744,26.141859675862122,25.99435906433183,25.677097644825324,25.036241261862244,26.035381533273835
312,26.161774797805208,26.142050275966938,26.14356743408115,25.995823961061376,25.678293030243992,25.03631168009889,26.036576941410544
314,26.16319815441142,26.14375353873305,26.145248977131985,25.997266365447047,25.679470080495378,25.036380998063635,26.03775401400941
316,26.16459971348553,26.14543071483132,26.146904765844454,25.998686671993994,25.680629121192794,25.0364492339026,26.038913076690278
318,26.16597986513358,26.147082271034208,26.148535261049176,26.000085275207823,25.68177047795001,25.03651640576203,26.040054455073005
320,26.167338999460583,26.148708674114403,26.15014092357677,26.001462569594594,25.682894476380568,25.036582531788156,26.041178474777496
322,26.16867703734073,26.150309831019115,26.151721662269154,26.002818467073382,25.68400105538575,25.03664756779432,26.04228507470077
324,26.1699945307725,26.15188640166997,26.153278128402178,26.004153528650306,25.685090674001742,25.03671155343278,26.043374713888625
326,26.171291934445605,26.15343892989341,26.15481085878156,26.00546821525353,25.68616371106856,25.036774515428817,26.044447771189198
328,26.172569608734022,26.154967846966827,26.156320279234762,26.006762891409664,25.687220467127247,25.03683646861731,26.045504547148767
330,26.173827500847267,26.15647308875674,26.157806326629782,26.008037559716456,25.688260842293005,25.036897440114956,26.046544941879233
332,26.175066124661896,26.15795527092297,26.15926960875396,26.009292715426398,25.689285286437496,25.036957441775428,26.047569405261925
334,26.176285620849796,26.15941456588422,26.160710295645515,26.01052847751515,25.690293895135426,25.03701651740556,26.048578032879163
336,26.17748629500403,26.16085133963969,26.162128748676707,26.011745157788425,25.69128691654538,25.037074685469463,26.049571072894366
338,26.178668411267324,26.162265909536302,26.16352528113231,26.012943019588022,25.692264560476417,25.037131970800885,26.050548735122447
340,26.17983226121447,26.16365862432673,26.16490023728278,26.014122359561554,25.693227078529674,25.037188376244274,26.051511271168124
342,26.180978192525174,26.165029896997623,26.166254024774446,26.015283542477334,25.69417480778037,25.037243859670696,26.052459018106333
344,26.182106452878486,26.166380026046284,26.167586938293937,26.016426811686813,25.69510793295484,25.037298459111923,26.05339216067017
346,26.183217327509453,26.167709352967734,26.168899314951148,26.017552456140436,25.6960266959955,25.037352182494317,26.054310940806317
348,26.18431110165335,26.16901821925677,26.170191491855974,26.018660764789217,25.69693133884465,25.03740503774469,26.05521560046111
350,26.185388060545336,26.17030696640842,26.171463806118425,26.019752026583717,25.697822103444366,25.037457032789405,26.056106381581117
352,26.186448489421025,26.17157593591827,26.172716594848737,26.02082653047495,25.698699231737862,25.037508175555615,26.05698352611296
354,26.187492673515692,26.17282546928135,26.17395019515726,26.021884565413927,25.699562965667212,25.037558473969682,26.0578472760036
356,26.188520549305338,26.174055490277226,26.175164531859366,26.02292610171179,25.700413132408528,25.0376080815783,26.058697458438132
358,26.18953243724485,26.175266382584084,26.176359983700706,26.023951460497244,25.7012500157893,25.037656991603228,26.05953435724757
360,26.190528703599455,26.176458584748445,26.177536983583366,26.02496100475338,25.702073954117793,25.03770517813774,26.06035831074297
362,26.19150960472001,26.17763240366986,26.17869583447049,26.025954997041083,25.702885154984358,25.037752661169577,26.061169526519677
364,26.192475396957036,26.178788146247882,26.179836839325787,26.026933699920676,25.703683825980136,25.03779946068613,26.06196821217293
366,26.193426336661048,26.179926119381946,26.180960301112748,26.027897375953387,25.70447017469536,25.037845596674458,26.062754575298072
368,26.19436268018302,26.181046629972286,26.18206652279474,26.028846287699878,25.705244408721057,25.037891089122184,26.06352882349006
370,26.195284637328143,26.18214992853683,26.18315575172784,26.029780642446838,25.706006709615224,25.037935933306187,26.064291138311432
372,26.196192092210993,26.1832358710804,26.184227846166493,26.03070026071174,25.70675707677998,25.037979951597038,26.065041519164367
374,26.197085552320743,26.184305068710444,26.185283409108763,26.031605703291063,25.707495858265986,25.038023297309167,26.065780314106973
376,26.197965254781536,26.185357805037427,26.186322720547935,26.032497209913515,25.70822325091075,25.038065980222598,26.066507719981132
378,26.198831436717512,26.186394363671468,26.187346060478205,26.033375020307687,25.708939451551657,25.0381080101169,26.067223933628384
380,26.19968433525304,26.18741502822337,26.18835370889343,26.03423937420206,25.70964465702633,25.0381493967721,26.067929151890894
382,26.20052418751237,26.188420082303367,26.18934594578701,26.03509051132545,25.710339064172274,25.038190149968443,26.068623571610544
384,26.201351230619764,26.189409809522147,26.19032305115371,26.03592867140668,25.71102286982733,25.03823027948573,26.069307389629216
386,26.202165521429436,26.190384281489685,26.191285095637625,26.036753898359677,25.711696129719428,25.038269792458607,26.069980661679722
388,26.202967213559134,26.191343683611592,26.19223226225614,26.037566341205945,25.712358975319887,25.038308697441096,26.07064351923782
390,26.203756661142222,26.19228843710283,26.193164966886513,26.038366366772777,25.71301169505722,25.038347005930802,26.071296250735998
392,26.204534085215244,26.19321880665467,26.194083470840326,26.03915419731385,25.71365447317595,25.038384727471396,26.071939040423388
394,26.205299423951203,26.19413471669037,26.194987699461365,26.039929788360894,25.71428725324114,25.038421874858784,26.072571831859022
396,26.206052859890235,26.195036385592346,26.195877868337163,26.04069332586795,25.714910186741747,25.038458458079447,26.07319477653465
398,26.20679464700612,26.1959241176732,26.1967542778994,26.041445063146227,25.715523485947585,25.038494486298703,26.073808086725933
400,26.207524963873936,26.196798126545616,26.197617139026818,26.042185182411515,25.7161272989743,25.038529969548506,26.074411910551362
402,26.20824398906933,26.197658625822612,26.198466662597923,26.042913865879257,25.71672177393765,25.03856491786081,26.075006396129083
404,26.208951901167836,26.198505829117664,26.199303059491342,26.043631295765238,25.71730705895328,25.038599341267798,26.075591691577984
406,26.209648878744872,26.199339950043793,26.20012654058604,26.04433765428547,25.71788330213741,25.038633249801535,26.076167945016834
408,26.210335109854043,26.200161212683895,26.200937327119448,26.045033127666386,25.718450665657485,25.038666645836372,26.07673531861542
410,26.211010844352188,26.200969909391972,26.201735707880005,26.045717928289434,25.719009403311645,25.03869948181233,26.07729406617193
412,26.211676216125795,26.201766204415947,26.202521844902037,26.046392219458824,25.71955959695964,25.03873180386819,26.077844269550496
414,26.212331408584475,26.202550316708596,26.203295954347652,26.047056185435906,25.72010140188337,25.038763618130645,26.078386084036197
416,26.212976577444863,26.20332243111983,26.204058218785406,26.047709982924687,25.720634944212577,25.03879492945515,26.07891963576037
418,26.21361184007941,26.20408268527916,26.204808774267974,26.04835373047223,25.721160309709546,25.038825740937398,26.079445010487973
420,26.214237369406703,26.204831287058425,26.205547825967585,26.048987606856087,25.721677642210068,25.038856064938784,26.079962352057237
422,26.214853242938318,26.205568329561117,26.206275465892247,26.049611703259473,25.722186984515076,25.038885919397842,26.08047170327052
424,26.215459620623335,26.206294003479286,26.206991882339537,26.05022618229549,25.72268846707135,25.03891531166397,26.080973194577382
426,26.216056638459747,26.2070084711508,26.20769723563086,26.05083118582371,25.72318219486141,25.03894425216373,26.08146693096205
428,26.21664446562164,26.20771193546358,26.20839172606867,26.051426880011775,25.723668315540237,25.03897274625848,26.081953060082128
430,26.21722325959462,26.208404585019423,26.209075539869502,26.052013422463517,25.72414696172865,25.039000801094232,26.082431714561153
432,26.217793137787282,26.209086562103096,26.209748817482193,26.052590929785595,25.724618230432668,25.039028422802346,26.082902991407764
434,26.218354234227093,26.209758028655926,26.2104117187601,26.05315953362134,25.725082236117203,25.039055616730423,26.0833670050896
436,26.21890669095393,26.21041915518248,26.211064412047165,26.053719376849187,25.72553909620359,25.039082390293117,26.08382387303027
438,26.21945064676771,26.2110701087243,26.211707062253538,26.054270597805328,25.725988926917182,25.039108750068806,26.08427371145808
440,26.219986186414815,26.211710988608786,26.21233976740433,26.05481329764683,25.726431787519516,25.03913470610547,26.084716579635767
442,26.22051345534618,26.212341970209366,26.21296270063914,26.055347619283282,25.726867801245646,25.039160264555164,26.085152600800484
444,26.221032583716408,26.21296320973778,26.21357601617177,26.055873695104594,25.727297075210174,25.039185432550823,26.085581882069675
446,26.221543699345432,26.213574860481174,26.214179865326116,26.056391655893833,25.7277197140682,25.03921021737625,26.086004528100375
448,26.222046930053637,26.214177075726695,26.214774399426062,26.056901632434858,25.72813582247403,25.039234626314794,26.086420643549445
450,26.22254240366084,26.21477000876115,26.215359769796066,26.05740375551119,25.72854550508208,25.0392586666498,26.08683033307375
452,26.223030247987197,26.215353812871683,26.215936127760244,26.057898155906344,25.728948866547455,25.03928234566439,26.087233701330433
454,26.223510582851475,26.21592863199868,26.216503615379395,26.058384944608008,25.729346021061303,25.039305659926015,26.08763086251122
456,26.223983521807156,26.2164946027645,26.217062367461892,26.058864217104258,25.729737090281844,25.03932859761079,26.08802193827438
458,26.22444920342133,26.217051891009476,26.217612547773285,26.059336130766553,25.73012216605531,25.0393511803955,26.088407020470072
460,26.224907754012804,26.21760064826725,26.218154305899645,26.05980081266415,25.730501354825435,25.039373413552482,26.088786215544474
462,26.225359264952715,26.21814098275462,26.218687748653394,26.060258356730458,25.730874733181565,25.039395298860143,26.089159600087896
464,26.225803835305044,26.21867301222329,26.219212992262158,26.060708864193714,25.731242384284144,25.039416838866657,26.08952725726209
466,26.226241569172487,26.219196860935256,26.219730159416883,26.061152442054947,25.731604387530467,25.039438043749612,26.089889266466287
468,26.226672546214957,26.219712622884742,26.220239342923435,26.06158917424949,25.73196080055567,25.039458922021765,26.090245685337266
470,26.227096874891515,26.220220427546735,26.220740670596285,26.0620191712066,25.7323117121652,25.039479479273098,26.09059660268258
472,26.227514653742844,26.220720392176588,26.221234258192624,26.062442534231252,25.73265720043031,25.039499722100174,26.090942096574736
474,26.227926006092787,26.221212665017845,26.2217202520863,26.062859389111907,25.732997374741615,25.03951965200082,26.091282276406105
476,26.228331031807954,26.22169736498398,26.22219876967239,26.0632698384631,25.733332314845427,25.039539275298637,26.09161722192448
478,26.228729813132247,26.222174591327246,26.22266990897066,26.063673958450465,25.73366209128011,25.039558594944253,26.09194700366993
480,26.22912245068659,26.222644464361963,26.223133788769758,26.064071850688208,25.733986787267156,25.03957761575424,26.09227170486554
482,26.22950904296539,26.22310710200844,26.22359052549922,26.064463613684723,25.73430648479456,25.03959634220479,26.09259140750123
484,26.229889686613376,26.223562620290693,26.224040233712287,26.064849343346793,25.734621263580095,25.039614779377132,26.092906191296606
486,26.230264469033102,26.22401112617382,26.224483018986064,26.065229122814856,25.734931189335782,25.03963293738383,26.09321612196743
488,26.230633486043246,26.224452733726423,26.224918993946687,26.065603051880714,25.735236344239922,25.039650818344114,26.093521281692915
490,26.230996809248097,26.224887528105967,26.225348242621465,26.06597121959493,25.73553679054902,25.039668422145894,26.0938217327286
492,26.231354532000807,26.225315621490893,26.22577087575911,26.066333720033583,25.735832604999075,25.039685753818333,26.09411755181219
494,26.23170674186457,26.22573711886622,26.226186996994386,26.066690645935125,25.736123860471082,25.03970281702192,26.094408811825986
496,26.2320535268081,26.226152125553142,26.22659671030152,26.067042077296207,25.736410629234513,25.03971961828421,26.09469558504196
498,26.232394975045338,26.22656074707544,26.227000119859838,26.067388086412905,25.736692983189357,25.03973616586535,26.094977943362665
500,26.232731170290492,26.22696308331757,26.22739732426527,26.067728776084493,25.736970993168768,25.039752459208046,26.095255957621475
502,26.233062190381986,26.22735922598025,26.227788414051417,26.068064235150075,25.737244723941387,25.039768498774777,26.09552969258675
504,26.23338811138609,26.22774926414246,26.228173477187227,26.068394530994453,25.737514236083314,25.03978429073669,26.095799208836468
506,26.23370901166078,26.22813329218735,26.22855260685577,26.068719740385575,25.73777959533726,25.03979983893629,26.09606457211447
508,26.234024968897813,26.22851140417987,26.228925895925897,26.06903993854229,25.738040867301777,25.039815147296224,26.096325848021593
510,26.234336060787825,26.22888369302808,26.229293436129012,26.06935520112262,25.73829811647505,25.039830219842486,26.096583101056865
512,26.23464236502224,26.22925025202659,26.22965531957658,26.069665603638043,25.738551407722355,25.039845060566392,26.09683639608801
514,26.23494395015365,26.229611161953642,26.230011626035832,26.069971225351935,25.738800794519022,25.03985967345585,26.097085786589787
516,26.23524089439485,26.229966516836782,26.2303624483406,26.070272141477687,25.739046342415975,25.03987406249138,26.09733133811494
518,26.235533257976556,26.23031638996639,26.230707858830613,26.070568416715503,25.73928810208264,25.039888229280734,26.097573101334035
520,26.23582111517527,26.230660870317195,26.231047945352827,26.07086012634096,25.739526134817822,25.03990217759707,26.097811137547524
522,26.236104536742857,26.231000042889775,26.231382791824956,26.071147343150017,25.73976049917991,25.039915910693765,26.098045505314417
524,26.236383593122525,26.23133399222769,26.231712481711895,26.071430138085077,25.73999125360075,25.03992943226234,26.098276263067874
526,26.236658353395626,26.23166280085917,26.232037096473675,26.071708573910485,25.740218455955812,25.03994274792916,26.09850346868518
528,26.236928884958445,26.231986549691385,26.232356715987578,26.071982722758946,25.740442161827616,25.039955859623376,26.098727177749083
530,26.23719524284428,26.23230530407494,26.232671404753944,26.072252643718514,25.74066241670795,25.039968767709013,26.098947435752734
532,26.23745749579558,26.23261914642211,26.2329812441306,26.072518406126562,25.740879277625197,25.03998147560327,26.099164299725544
534,26.237715708808594,26.23292815448241,26.233286310868323,26.07278007651945,25.741092798454986,25.03999398588911,26.099377823544273
536,26.2379699460609,26.23323240519329,26.23358668092152,26.073037717446084,25.741303032082612,25.040006303924145,26.09958806009496
538,26.238220271551825,26.233531975313156,26.233882430070196,26.07329139058237,25.74151003117612,25.040018435673517,26.09979506204718
540,26.238466741918558,26.233826932253407,26.23417362486549,26.073541156845124,25.741713842679303,25.040030380918267,26.099998876345467
542,26.238709411107777,26.23411734022733,26.234460328706234,26.073787073083338,25.74191451109874,25.040042140540265,26.10019954749714
544,26.238948341227967,26.234403273510736,26.234742614918616,26.074029202211307,25.742112087762905,25.040053717645208,26.10039712683181
546,26.239183591677886,26.234684803038647,26.23502055353282,26.074267605129705,25.74230662173551,25.040065114600623,26.10059166341398
548,26.239415220812987,26.234961999050654,26.235294213891336,26.07450233504295,25.742498161006495,25.04007633897828,26.10078320523496
550,26.239643287902197,26.235234932395826,26.23556366593931,26.074733451895383,25.742686754506224,25.040087393793044,26.100971801225853
552,26.239867838486873,26.23550365738771,26.235828963304073,26.07496100646705,25.742872440235885,25.040098277319487,26.101157489388413
554,26.24008892810474,26.235768240452842,26.236090171567128,26.07518505531408,25.74305526412337,25.04010899199767,26.101340315651953
556,26.240306611748053,26.236028747361217,26.23634735566094,26.07540565462051,25.74323527166331,25.040119540085186,26.10152032551133
558,26.24052094362588,26.23628524297436,26.236600579621893,26.075622859308453,25.74341250767708,25.040129924198197,26.10169756378923
560,26.240731976974246,26.23653779132127,26.23684990665896,26.0758367164496,25.743587015737205,25.040140152758966,26.1018720740592
562,26.240939764321354,26.236786455110803,26.237095398684517,26.07604728229802,25.74375883947647,25.040150225708942,26.102043899954595
564,26.241144346546832,26.237031283108934,26.237337103844254,26.076254602009556,25.743928012964886,25.04016014179109,26.102213075546388
566,26.24134577649005,26.237272338561922,26.237575084578054,26.076458728703926,25.744094579867408,25.040169903906474,26.102379644500047
568,26.24154410384932,26.23750968091241,26.23780939957254,26.076659713408674,25.744258581328666,25.040179513863052,26.102543647961397
570,26.24173937794859,26.2377433692954,26.238040107208292,26.076857604068152,25.744420057983746,25.040188975869285,26.102705126565695
572,26.24193164779166,26.237973462582374,26.23826726560486,26.077052445987135,25.74457905003004,25.040198296187725,26.102864120512038
574,26.242120957951272,26.238200013946027,26.238490927258397,26.077244287795963,25.744735594594147,25.040207473863063,26.103020666927137
576,26.242307348570023,26.23842307130991,26.238711139480472,26.077433172762596,25.744889725085102,25.040216508494552,26.10317479922122
578,26.24249086750143,26.23864269195775,26.238927958824718,26.077619149151417,25.745041481059786,25.040225402595695,26.10332655695123
580,26.242671560232395,26.238858930300978,26.239141439009302,26.077802263693968,25.745190900188334,25.040234157785733,26.103475977788435
582,26.24284947156758,26.239071840195663,26.23935163320192,26.0779825574146,25.74533801914407,25.040242780251845,26.10362309840707
584,26.24302464674753,26.239281475852692,26.239558594921903,26.078160074985988,25.745482875237542,25.04025127326105,26.103767956118418
586,26.24319712229891,26.239487880789454,26.23976236713139,26.078334857343805,25.74562549899798,25.040259635056998,26.103910581451828
588,26.243366939150462,26.239691103949724,26.239962998150247,26.07850694685709,25.745765924341356,25.04026786683727,26.10405100832446
590,26.2435341399526,26.239891196371275,26.24016053836425,26.07867638697377,25.745904186552423,25.040275970479627,26.104189272021586
592,26.243698766321756,26.240088207840643,26.24035503692511,26.078843220356532,25.746040320084546,25.040283947575006,26.104325406997077
594,26.243860858982714,26.240282187402215,26.24054654225023,26.07900748185051,25.746174358188398,25.040291805787717,26.1044594465028
596,26.24402045893288,26.24047318400136,26.240735102660835,26.079169215507306,25.746306334938538,25.040299544884135,26.10459142461366
598,26.244177597200235,26.24066123455617,26.24092075460527,26.07932845610827,25.746436276190536,25.040307163296518,26.10472136718556
600,26.244332314313,26.240846387584327,26.241103545981957,26.079485244366822,25.746564215437786,25.040314663299625,26.10484930771281
602,26.24448464839719,26.24102868867118,26.241283521795197,26.079639619496618,25.74669018424271,25.04032204619756,26.104975277758342
604,26.24463463734702,26.241208183222568,26.241460726871253,26.07979161871691,25.746814213860546,25.040329314905932,26.10509930857802
606,26.24478231862662,26.24138491631362,26.2416352057092,26.07994127556657,25.746936334980376,25.040336475312927,26.10522143086166
608,26.24492772735431,26.24155892981406,26.241806999645917,26.08008862847322,25.74705657682631,25.04034352649313,26.10534167383406
610,26.2450708935649,26.24173025954468,26.241976144046077,26.080233710412642,25.74717496440286,25.040350467556152,26.1054600624999
612,26.245211854133174,26.241898949644963,26.242142682486076,26.080376558486194,25.747291528183098,25.04035730052516,26.10557662733322
614,26.24535064395178,26.24206504184332,26.242306656162498,26.080517208599588,25.74740629705542,25.04036402657931,26.1056913972227
616,26.245487297449642,26.242228577508342,26.242468105915634,26.080655692542848,25.747519299274074,25.040370650270745,26.105804400423096
618,26.245621849212114,26.242389598129705,26.24262707270526,26.080792043487065,25.74763056330613,25.0403771750195,26.10591566540222
620,26.24575432835428,26.24254813839167,26.242783590773854,26.080926294166773,25.747740113449424,25.04038359927125,26.10602521645859
622,26.24588476515379,26.242704234471205,26.242937695837156,26.08105847652581,25.747847974826243,25.040389923349892,26.106133078714606
624,26.24601319264883,26.242857925907117,26.243089426929544,26.081188624098957,25.747954174758377,25.04039614881566,26.10623927949291
626,26.246139642772903,26.243009250893977,26.243238821758666,26.081316769784337,25.74805873968745,25.040402276734028,26.106343845235415
628,26.24626414676419,26.243158247081908,26.243385917492844,26.081442939950932,25.748161695139345,25.040408313365504,26.10644680146845
630,26.246386736466604,26.243304952520305,26.243530751696255,26.081567168156255,25.748263067524533,25.040414259098668,26.106548174603745
632,26.246507435498927,26.24344939528345,26.243673352086205,26.0816894817371,25.748362876546196,25.0404201120636,26.106647984343795
634,26.246626274914718,26.24359161255228,26.243813755368762,26.081809911849803,25.748461147865157,25.040425874049845,26.106746256350732
636,26.246743283951503,26.24373163928618,26.24395199605766,26.08192848864752,25.748557905683526,25.040431546015554,26.10684301482678
638,26.24685849171516,26.243869510349043,26.244088108571816,26.082045241025128,25.748653174047888,25.04043712986953,26.10693828381892
640,26.246971926840786,26.244005260258575,26.24422212698738,26.082160193359243,25.74874697644708,25.040442630930045,26.10703208681707
642,26.24708361691461,26.24413892188778,26.244354083758992,26.082273376123737,25.748839335796276,25.040448048431642,26.107124446735952
644,26.24719358452495,26.24427052210939,26.244484005417405,26.082384814931686,25.74893027087427,25.040453381326017,26.107215382355776
646,26.24730185804202,26.24440009488768,26.24461192549353,26.082494538250273,25.74901980513056,25.040458631236277,26.107304917125305
648,26.24740846423589,26.244527672224024,26.24473787558071,26.082602573757242,25.7491079607218,25.040463799045312,26.107393073202388
650,26.2475134294927,26.24465328588866,26.244861887043214,26.082708945326374,25.74919475938208,25.04046888790066,26.107479872321562
652,26.247616780172905,26.24477696763546,26.24498399122882,26.082813676569515,25.74928022281557,25.04047390110594,26.107565336187633
654,26.247718539566733,26.244898745007788,26.245104215331764,26.082916795287645,25.749364370292653,25.040478837197554,26.107649484070805
656,26.24781873030014,26.24501864484347,26.24522258584949,26.083018327141588,25.7494472204707,25.04048369569358,26.107732334629134
658,26.2479173779422,26.2451366977229,26.245339132972447,26.08311829812925,25.7495287944634,25.040488477805354,26.107813908976482
660,26.248014507053938,26.245252932944425,26.245453885626205,26.08321673413269,25.749609112542828,25.04049318416463,26.10789422738509
662,26.24811014115602,26.24536737942475,26.245566872355255,26.083313648409955,25.74968819438601,25.040497820996904,26.107973309533463
664,26.24820430474398,26.245480066438006,26.24567812206118,26.08340906604832,25.749766060227728,25.040502389286132,26.10805117565633
666,26.24829701751895,26.245591016251012,26.2457876567409,26.083503019531747,25.74984272531293,25.040506885286334,26.10812784099852
668,26.248388302838123,26.245700256657813,26.24589550383763,26.0835955334025,25.749918208770907,25.040511309928718,26.10820332468927
670,26.248478183576424,26.245807814743046,26.24600169009426,26.083686633016043,25.749992529226176,25.040515663636995,26.10827764535361
672,26.248566682024318,26.245913717303267,26.246106241967425,26.08377633861261,25.75006570519571,25.040519947975156,26.10835082150868
674,26.24865381723663,26.24601799068347,26.246209185445593,26.083864630008804,25.750137755600974,25.04052417430745,26.108422872079473
676,26.248739611797475,26.246120660653617,26.246310545975746,26.083951547397817,25.750208698072413,25.04052833925624,26.108493814695805
678,26.24882408243235,26.24622174720224,26.246410343268337,26.084037133421305,25.750278547026426,25.040532438364664,26.108563663771747
680,26.248907250585205,26.2463212764207,26.24650860307878,26.08412140670538,25.750347320618232,25.040536473531063,26.108632437463825
682,26.248989136446255,26.246419272778155,26.24660534955575,26.08420439225739,25.750415036009542,25.040540444964847,26.108700152933523
684,26.249069760212194,26.246515760594036,26.246700606700017,26.08428610001937,25.750481709291364,25.040544355784334,26.108766826273097
686,26.249149142083354,26.24661076409126,26.246794398416625,26.084366530336126,25.750547355872243,25.04054821096139,26.10883247289337
688,26.24922730097768,26.24670430502539,26.24688674618693,26.084445719687267,25.750611991941753,25.04055200762133,26.108897108982376
690,26.249304255048457,26.246796403364613,26.24697766973469,26.084523697157977,25.750675632080572,25.040555743791344,26.108960749120115
692,26.249380024099594,26.246887082656656,26.247067192302836,26.084600482290114,25.750738292514427,25.040559420469947,26.10902340953237
694,26.249454627418174,26.24697636532852,26.247155336031994,26.0846760976155,25.75079998895336,25.040563037724553,26.109085105929296
696,26.24952808223162,26.247064273658964,26.247242122925798,26.084750538250944,25.75086073498977,25.0405666021515,26.10914585190585
698,26.24960040724335,26.24715083003258,26.24732757508633,26.084823818953453,25.75092054573355,25.04057011566948,26.10920566257289
700,26.24967161810133,26.24723605236528,26.24741171021634,26.08489597463955,25.750979435050624,25.040573573949416,26.109264551794467
702,26.24974173206914,26.247319961174696,26.247494548580505,26.084967026138486,25.75103741735728,25.04057697686352,26.109322533986415
704,26.249810766824623,26.247402577508808,26.2475761109651,26.085036992644916,25.751094507273535,25.04058032484369,26.109379623769655
706,26.249878739648523,26.247483921977903,26.24765641772541,26.085105893219463,25.75115071913666,25.040583618250878,26.109435835481236
708,26.249945666115025,26.247564014751617,26.247735488765272,26.085173711656182,25.751206064294195,25.040586866628985,26.109491180471878
710,26.2500115635915,26.247642876034945,26.247813344042754,26.08524047825489,25.751260557702892,25.040590067297956,26.10954567369788
712,26.250076445370098,26.247720521154577,26.247889998681615,26.085306223531063,25.75131421135137,25.040593216498166,26.109599327145816
714,26.250140328120267,26.247796970178854,26.247965472498038,26.085370962403942,25.75136703892605,25.040596315566233,26.109652154502896
716,26.250203227648115,26.24787224196365,26.248039784108016,26.0854347137809,25.751419053679058,25.040599364535467,26.10970416902137
718,26.250265159292724,26.247946355261718,26.248112952026588,26.085497486438783,25.751470268010564,25.040602365978827,26.109755383102083
720,26.250326137697073,26.24801932867325,26.24818499461645,26.085559274023524,25.75152069304778,25.04060532626255,26.109805807874636
722,26.250386177786197,26.24809117938338,26.248255928842184,26.085620106200338,25.751570341848435,25.040608242223186,26.10985545639562
724,26.250445292553707,26.24816192227587,26.248325769391784,26.08568000864642,25.751619225738466,25.040611111061878,26.109904339989725
726,26.250503497128022,26.248231575566876,26.248394534248916,26.08573899548486,25.75166735720194,25.040613933844895,26.10995247114181
728,26.250560806008764,26.248300156491553,26.248462240427045,26.085797084240255,25.751714748382426,25.040616710500956,26.10999986199522
730,26.250617232715683,26.24836768210838,26.248528904767056,26.085854271853066,25.75176140971024,25.040619446332528,26.110046522981975
732,26.250672791195427,26.24843416955349,26.248594544185096,26.085910564235462,25.751807352361936,25.040622144299675,26.110092465279706
734,26.250727494036198,26.24849963299681,26.248659172668965,26.08596599075514,25.751852587485075,25.040624800394937,26.110137700034784
736,26.250781354116782,26.248564087538227,26.248722805124714,26.08602057013269,25.751897125980292,25.04062741366255,26.11018223814733
738,26.250834385057658,26.248627549456785,26.248785457622205,26.08607431666502,25.751940979140898,25.04062998462615,26.110226090910942
740,26.250886600158708,26.2486900345221,26.248847145729712,26.086127246557623,25.75198415809092,25.04063251317126,26.110269269449418
742,26.250938011104324,26.248751558239462,26.248907884752782,26.086179343215292,25.752026671240458,25.04063500786384,26.11031178217604
744,26.25098863136094,26.2488121362681,26.248967690150323,26.086230628804003,25.75206853010701,25.040637466970054,26.1103536406074
746,26.25103847138024,26.248871780240563,26.249026573407093,26.086281130735472,25.75210974408577,25.04063988629713,26.110394854137724
748,26.251087543915276,26.248930505509236,26.24908454967948,26.086330860265946,25.752150323653893,25.040642266940893,26.110435433244106
750,26.25113586114236,26.248988326509618,26.249141633217903,26.086379832417208,25.752190279005674,25.040644608751506,26.110475388120904
752,26.251183434920392,26.249045257624573,26.249197838221164,26.086428055501585,25.75222961978244,25.040646913346052,26.110514728409953
754,26.25123027617593,26.24910131308087,26.24925317873391,26.086475518121176,25.752268354004343,25.040649187533006,26.110553462133794
756,26.251276396739684,26.2491565063753,26.24930766808035,26.08652224500821,25.75230649203087,25.040651428314334,26.11059159965083
758,26.251321806533667,26.24921084869203,26.249361317303794,26.086568259012722,25.7523440426325,25.04065363253045,26.110629149730755
760,26.251366517205895,26.24926435403887,26.24941414023266,26.086613570560473,25.75238101538099,25.040655801129617,26.110666121945314
762,26.251410539920983,26.249317035631805,26.249466149914554,26.086658193561505,25.752417419623214,25.040657933908335,26.110702525641386
764,26.25145388507366,26.24936890656778,26.24951735927874,26.086702126051534,25.752453263394784,25.040660034940117,26.110738368856005
766,26.25149656310981,26.24941997995137,26.249567781262215,26.086745367121182,25.75248855481817,25.040662108014374,26.11077365971306
768,26.251538584100047,26.249470267059394,26.24961742699901,26.0867879417454,25.752523302879524,25.040664149382962,26.110808407197055
770,26.25157995772389,26.249519779089894,26.2496663075446,26.086829867179233,25.752557515913793,25.040666157371504,26.11084261964305
772,26.251620694503288,26.249568528639827,26.24971443533485,26.086871153960544,25.75259120261495,25.04066813252001,26.110876305744455
774,26.25166080466039,26.24961652780786,26.249761822314724,26.086911815014048,25.752624371549075,25.040670074580873,26.110909474067626
776,26.25170029712791,26.249663788499277,26.24980848023739,26.086951836279297,25.75265702907126,25.04067199071784,26.110942130970102
778,26.251739182121298,26.24971032281252,26.24985442104679,26.08699123053492,25.752689183735868,25.040673880723887,26.11097428500591
780,26.2517774684257,26.249756141404248,26.249899655255092,26.087030031680968,25.75272084490001,25.040675738655693,26.111005945530792
782,26.251815165756,26.249801254669762,26.249944193130148,26.087068240407177,25.752752018749504,25.040677567334285,26.11103711873028
784,26.25185228356446,26.24984567311259,26.249988045044745,26.08710586339447,25.75278271217161,25.040679367914265,26.111067811492603
786,26.251888830371684,26.249889407715102,26.250031221849497,26.087142908702674,25.752812933617122,25.040681139840387,26.111098032268387
788,26.251924815306836,26.249932469131352,26.25007373406737,26.087179383776913,25.752842690512978,25.040682883617762,26.111127788485078
790,26.251960247346858,26.24997486809781,26.250115592303416,26.08721529621647,25.75287199054361,25.040684599484337,26.111157087827223
792,26.251995134930496,26.250016614903245,26.250156806717825,26.087250652509226,25.752900840276595,25.040686288885638,26.11118593686291
794,26.252029485472292,26.250057718984237,26.25019738662212,26.08728545702587,25.752929244152085,25.04068795556651,26.111214340032973
796,26.252063307668834,26.250098190970164,26.2502373425138,26.0873197226353,25.75295721049696,25.04068959797729,26.111242305664177
798,26.25209660856416,26.250138040087734,26.250276683491222,26.08735346710688,25.752984746347636,25.04069121396509,26.111269840792374
800,26.25212939641864,26.250177275649378,26.250315418740627,26.08738669527264,25.753011859181413,25.040692802521846,26.11129695289486
802,26.252161679198764,26.250215907059044,26.25035355754477,26.08741941440877,25.75303855523856,25.040694364971785,26.111323648212135
804,26.2521934649032,26.250253943630298,26.25039110910285,26.087451629811255,25.75306483982928,25.040695904813163,26.11134993205468
806,26.25222476148832,26.250291394712406,26.250428082643054,26.087483348700914,25.753090719315594,25.04069742306382,26.111375810785148
808,26.252255576923687,26.250328269644285,26.250464487384704,26.087514577726154,25.753116199746557,25.040698921480214,26.111401290452818
810,26.25228591827687,26.25036457703567,26.250500331823957,26.087545327353098,25.753141287999767,25.040700396528393,26.111426377934436
812,26.25231579332609,26.250400326070974,26.250535625027112,26.087575605038353,25.753165990299692,25.04070184884432,26.111451079454355
814,26.25234520835187,26.250435524402235,26.250570374556503,26.087605417076645,25.753190311726996,25.04070327851133,26.11147540009415
816,26.252374170526252,26.25047018061315,26.250604588887825,26.087634770889565,25.753214258189644,25.040704685465414,26.111499345761786
818,26.25240268709905,26.250504303364494,26.25063827657317,26.087663673928603,25.753237835643915,25.040706069702935,26.111522922413883
820,26.252430765141582,26.2505379011763,26.250671446024683,26.08769213306533,25.75326105002904,25.040707431338035,26.1115461359895
822,26.252458410826705,26.250570982258125,26.250704105335615,26.087720146931304,25.753283908181572,25.04070877377609,26.111568993325932
824,26.25248563130225,26.250603554955376,26.250736262749058,26.08774772566477,25.753306415503346,25.04071009594253,26.111591499824385
826,26.2525124319381,26.25063562555107,26.25076792445958,26.087774881583698,25.753328575852322,25.040711396728682,26.111613659343163
828,26.252538819530116,26.25066720231888,26.25079909863331,26.087801620964854,25.75335039509565,25.04071267657349,26.111635477749417
830,26.25256480050524,26.250698293017365,26.250829792926936,26.087827951647512,25.753371878580936,25.04071393551584,26.11165696039086
832,26.252590381142625,26.250728905349035,26.250860014940884,26.087853876724523,25.753393031553912,25.040715175105618,26.111678112513516
834,26.252615567543955,26.2507590469491,26.250889772208723,26.08787939362611,25.753413859138448,25.04071639869568,26.11169893924199
836,26.252640365643913,26.25078872479395,26.250919071612714,26.08790451472197,25.75343436565771,25.04071760505616,26.11171944489888
838,26.25266478064833,26.250817944962762,26.250947919146427,26.087929250283707,25.753454554218536,25.040718793807457,26.11173963259148
840,26.25268881871574,26.2508467149201,26.25097632217495,26.08795360608366,25.75347442976232,25.04071996570252,26.111759507260842
842,26.252712485718973,26.25087504171603,26.251004287653416,26.087977589241348,25.753493996681357,25.04072112115506,26.111779073299772
844,26.252735788546886,26.250902932444717,26.251031822598918,26.088001207957916,25.753513264631977,25.04072225774422,26.111798340363748
846,26.252758733551502,26.25093039417726,26.251058933996262,26.088024469863,25.753532240490756,25.040723374546303,26.111817315328835
848,26.252781325930926,26.250957432887105,26.251085627760233,26.08804737467932,25.753550926509263,25.040724473589023,26.111836000446942
850,26.252803571463858,26.250984054999833,26.251111910249108,26.088069925469938,25.753569327394132,25.04072555539011,26.1118544004255
852,26.252825476132386,26.251010267262302,26.251137788130734,26.088092127506286,25.753587448501833,25.04072661998015,26.111872520620068
854,26.252847045821284,26.251036076267667,26.25116326792505,26.08811398500478,25.753605294878355,25.04072766762232,26.111890366077205
856,26.252868281800545,26.251061488243124,26.251188355759894,26.088135488542832,25.75362286097146,25.04072870346107,26.11190793124854
858,26.252889190827148,26.2510865097467,26.251213058124392,26.088156646521668,25.753640154208085,25.04072972646196,26.11192522355998
860,26.252909776434024,26.25111114530165,26.25123737944358,26.088177485258086,25.75365718105678,25.040730732586496,26.111942249477693
862,26.252930043498452,26.25113540125352,26.251261325982966,26.088198008575716,25.753673944856985,25.04073172255943,26.111959012341913
864,26.25294999655506,26.25115928349379,26.251284903549447,26.088218225876915,25.753690449709836,25.04073269592749,26.111975516253096
866,26.252969640777053,26.25118279791758,26.251308117959923,26.08823814084036,25.753706699611882,25.04073365301673,26.111991765208074
868,26.252988982873774,26.251205950431142,26.251330975055623,26.088257743366,25.753722698307513,25.0407345960287,26.112007762952658
870,26.253008027248313,26.251228746590243,26.251353480321598,26.08827704766503,25.753738450040885,25.04073552347228,26.112023513730094
872,26.253026779854792,26.251251191321387,26.25137563865536,26.088296060983396,25.753753959033986,25.04073643406963,26.112039021761632
874,26.25304524587267,26.251273290397478,26.25139745575683,26.088314788270566,25.753769229326224,25.040737327833597,26.112054291087077
876,26.25306343070116,26.251295049351427,26.251418937098208,26.088333235128914,25.7537842650093,25.04073820441016,26.11206932579813
878,26.253081337120022,26.251316473659642,26.251440088088486,26.088351391310937,25.753799069381387,25.04073906866205,26.112084129193818
880,26.253098968405368,26.251337568809674,26.251460914148595,26.08836924957194,25.75381364589117,25.040739924463253,26.112098704724076
882,26.253116328757244,26.25135833940402,26.251481419818617,26.08838683078062,25.75382799824314,25.04074076739954,26.1121130560922
884,26.253133421359337,26.251378790113392,26.251501609703553,26.088404147429344,25.753842129837437,25.040741595717748,26.11212718669742
886,26.253150250246847,26.251398926176023,26.251521488977744,26.08842120346702,25.7538560443449,25.040742409890584,26.112141100211375
888,26.2531668191387,26.2514187526196,26.251541062604417,26.08843800601477,25.753869745336544,25.04074320956437,26.11215480020411
890,26.253183132359766,26.251438274189752,26.25156033525292,26.088454534737423,25.75388323468411,25.040744001163773,26.11216828855038
892,26.25319919359964,26.251457495927582,26.251579311900798,26.08847079809283,25.753896516041152,25.04074478400497,26.11218156890277
894,26.253215006875678,26.251476422017106,26.251597996653516,26.088486823051824,25.753909593630567,25.040745550572126,26.112194645482987
896,26.253230576732278,26.25149505672715,26.251616393725556,26.08850260452806,25.75392247020767,25.04074630542715,26.112207521046344
898,26.25324590750739,26.251513404331206,26.25163450733072,26.088518144655097,25.75393514887179,25.040747050062407,26.112220198691944
900,26.253261002455986,26.25153146948361,26.25165234208231,26.088533447118095,25.753947633045016,25.04074778211367,26.112232681842784
902,26.253275865571197,26.251549256578812,26.25166990232168,26.088548514550723,25.753959925929678,25.040748501843325,26.112244973701422
904,26.25329050065892,26.251566770076977,26.251687192458633,26.088563349852677,25.753972030783586,25.04074920884824,26.112257077525555
906,26.253304911494126,26.251584014224306,26.25170421668855,26.088577956723668,25.753983949897304,25.04074990422356,26.112268995605916
908,26.25331910180313,26.251600992935607,26.251720978873948,26.08859234009998,25.753995684064705,25.040750591382164,26.11228072873564
910,26.253333074707996,26.251617710499033,26.251737483255795,26.088606502210894,25.75400723716615,25.040751268660813,26.112292280795714
912,26.253346832378895,26.2516341705919,26.251753733466842,26.088620445846857,25.754018612156358,25.040751935442643,26.112303654741027
914,26.253360378366835,26.251650377436988,26.251769733680305,26.088634174355263,25.754029811688554,25.040752592162164,26.112314853224916
916,26.25337371581753,26.251666335096786,26.251785487910354,26.088647690919686,25.754040838504636,25.040753238944774,26.11232587898928
918,26.25338684799334,26.251682047462566,26.25180099999119,26.088660998251896,25.754051695478154,25.040753876996916,26.112336734907842
920,26.25339977810728,26.251697518497565,26.25181627383273,26.088674099261823,25.75406238542729,25.04075450707097,26.11234742379827
922,26.25341250891978,26.25171275147335,26.251831312656293,26.08868699812848,25.75407291079972,25.040755127588625,26.11235794810915
924,26.253425043348727,26.251727749847248,26.251846119867025,26.088699698565335,25.754083274178527,25.040755737861957,26.112368310422994
926,26.253437384465258,26.25174251739344,26.251860699187034,26.088712203892158,25.754093478262632,25.04075633787312,26.112378513439012
928,26.253449535275138,26.251757057751377,26.251875054204277,26.088724517596518,25.75410352570151,25.040756927318796,26.112388559806845
930,26.25346149835076,26.25177137352506,26.251889187507288,26.088736639981164,25.75411341844989,25.040757508296394,26.11239845148077
932,26.25347327676542,26.251785468514697,26.251903102838412,26.088748575027296,25.754123159265134,25.04075808013016,26.112408191218606
934,26.25348487345201,26.251799346185237,26.25191680361678,26.08876032568577,25.75413275067973,25.040758642921958,26.11241778155255
936,26.253496291330578,26.25181300997093,26.251930293232533,26.088771894813988,25.754142195205702,25.040759196843,26.112427224994462
938,26.25350753332151,26.2518264633066,26.25194357507513,26.088783285269585,25.754151495355075,25.040759742065063,26.112436524056932
940,26.253518602344855,26.251839709627063,26.251956652534716,26.08879449990951,25.754160653639985,25.04076027875982,26.112445681251643
942,26.25352950132077,26.251852752366574,26.251969529000974,26.088805541591626,25.7541696725728,25.04076080709882,26.112454699091245
944,26.253540232412718,26.25186559449486,26.251982207398044,26.088816412992912,25.75417855160589,25.040761328835003,26.112463577028507
946,26.25355079733248,26.251878238704023,26.25199469037085,26.088827116683035,25.75418728836752,25.040761846664566,26.112472312692432
948,26.253561199933586,26.25189068900221,26.252006981884904,26.088837655741884,25.754195889142977,25.04076235880899,26.112480912367744
950,26.253571443002386,26.25190294874193,26.252019085247127,26.088848032994576,25.754204355902004,25.040762865719728,26.11248937802452
952,26.253581528794882,26.251915020248077,26.252031002759566,26.088858254472314,25.754212692839417,25.040763364491852,26.112497713856783
954,26.253591459728966,26.251926906160236,26.252042737031104,26.088868325227565,25.754220903470866,25.040763853244187,26.112505923380354
956,26.253601238371004,26.251938609340925,26.252054290897433,26.088878243228976,25.754228988270995,25.04076433379845,26.112514007069876
958,26.253610866986776,26.25195013206843,26.252065666621604,26.088888008089214,25.754236948909067,25.04076480614782,26.112521966594954
960,26.25362034813594,26.251961477238012,26.252076867065682,26.08889762218206,25.754244787592995,25.0407652701237,26.112529804163444
962,26.2536296842747,26.25197264752734,26.252087894880617,26.088907086906545,25.754252506340947,25.040765725614904,26.112537521793513
964,26.25363887718612,26.251983646233214,26.25209875331376,26.088916404377812,25.754260107144148,25.040766174697126,26.112545121476614
966,26.253647929316628,26.251994476042285,26.2521094450247,26.088925576005238,25.75426759202054,25.04076661729033,26.11255260523052
968,26.253656841985674,26.252005139114374,26.252119972134608,26.08893460650546,25.754274961750923,25.040767052188187,26.11255997383637
970,26.253665617334434,26.252015638175465,26.252130337336382,26.088943497939056,25.754282218156447,25.040767479562476,26.112567229115086
972,26.25367425734413,26.252025975861045,26.25214054323095,26.088952252855336,25.75428936287193,25.040767899378864,26.1125743727016
974,26.25368276404555,26.252036154757036,26.25215059236922,26.088960873564986,25.7542963975514,25.040768311940212,26.11258140625023
976,26.25369113988876,26.252046177208342,26.252160487062895,26.088969360551403,25.75430332411355,25.040768719772643,26.112588331679262
978,26.253699386725145,26.25205604575882,26.252170229822298,26.088977716920965,25.75431014413101,25.040769121819665,26.112595150561447
980,26.253707506589592,26.252065762268387,26.252179822479718,26.088985945040406,25.754316859415724,25.040769516347325,26.112601864708893
982,26.253715501545173,26.25207532923099,26.252189267495567,26.088994047086146,25.75432347165855,25.040769903624835,26.112608475812124
984,26.25372337364746,26.25208474897073,26.252198567161884,26.089002025285424,25.75432998258242,25.040770283384347,26.112614985594746
986,26.253731124437138,26.252094023562847,26.252207723527533,26.08900988092563,25.754336392989273,25.040770657021596,26.112621394858195
988,26.253738755211714,26.25210315496514,26.252216738527466,26.089017614849524,25.75434270324564,25.040771026719938,26.112627703969338
990,26.25374626814795,26.25211214555992,26.252225614509996,26.08902522950615,25.75434891529136,25.040771391819305,26.11263391486807
992,26.253753665052784,26.252120997551117,26.252234353650408,26.089032726669018,25.75435503040495,25.04077175285471,26.112640028833084
994,26.253760947733497,26.25212971314278,26.252242958123418,26.08904010811176,25.75436104986528,25.040772110360933,26.112646047143187
996,26.253768117997367,26.252138294538724,26.252251430103513,26.089047375608686,25.754366974950983,25.040772464872873,26.112651971076787
998,26.25377517765122,26.252146743942887,26.25225977176575,26.089054530933083,25.75437280694058,25.040772816925426,26.11265780191286
1000,26.253782128502564,26.25215506355954,26.252267985284732,26.089061575859148,25.754378547112708,25.040773167053374,26.112663540930043
1000,26.253782128502564,26.25215506355954,26.252267985284732,26.089061575859148,25.754378547112708,25.040773167053374,26.112663540930043
