"time","tank1.medium.T_degC","tank2.medium.T_degC","tank3.medium.T_degC","tank4.medium.T_degC","tank5.medium.T_degC","tank6.medium.T_degC"
0,25.022953302085227,25.022953302085227,25.022953302085227,25.022953302085227,25.022953302085227,25.022953302085227
2,25.07979425481716,25.025969469406334,25.026993109319335,25.023125109585692,25.02284071057619,25.022949707792975
4,25.139718285701235,25.03642311437585,25.040745284714546,25.024552457705397,25.022494366729404,25.022943595200047
6,25.184691663169076,25.051940914215777,25.06067812092914,25.028165578400774,25.02259087827821,25.022935619276325
8,25.2186288028725,25.070321409193355,25.08368918047853,25.03425806726699,25.023877161034704,25.022934057771238
10,25.24494512446671,25.090093278941538,25.107791491809337,25.042731623120005,25.026641842188553,25.022952422563606
12,25.26615998063454,25.110323546030088,25.13179608412605,25.053288000423493,25.030704446845164,25.02300434469447
14,25.28405660836478,25.130452312626687,25.15505051756844,25.06555140560687,25.03567534779239,25.023100527276313
16,25.29985114654386,25.150168296272966,25.177247217003185,25.079139261655826,25.041198440321125,25.023247533055894
18,25.31434787318159,25.169319190599538,25.198288893114466,25.093701152646815,25.047049763243137,25.023449019781026
20,25.328065351202156,25.187850364125154,25.218198903097402,25.10893589955134,25.05311910040183,25.023707195988266
22,25.34132918593008,25.205764204833315,25.237063577740685,25.12459613000891,25.059351946466393,25.024023192838342
24,25.354335542514434,25.223093936790917,25.25499653040464,25.14048596615038,25.065705926211706,25.02439791791852
26,25.367194289358565,25.239886902102114,25.272117048173584,25.15645513601379,25.072136678552,25.02483172546573
28,25.379958828518113,25.25619429625175,25.288537846537622,25.172391846585185,25.078601093617692,25.025324578837
30,25.392647324786537,25.272065207897583,25.304358853734072,25.18821546003022,25.085064245908995,25.025876033062957
32,25.405257713921003,25.287543573433993,25.319664906049354,25.203869804218527,25.091502053475153,25.02648536738451
34,25.41777782690673,25.302667014655583,25.334525819815042,25.219317362120876,25.097899478241914,25.027151675128323
36,25.430191675942694,25.317466811213137,25.348997764362423,25.234534506516127,25.104247014559917,25.027873943533052
38,25.44248321531444,25.33196842674687,25.363125161119513,25.249507573680546,25.110537742544977,25.028651085559602
40,25.45463798413556,25.346192361565897,25.37694276875237,25.264230029474277,25.116765934732427,25.02948197068605
42,25.466643860091665,25.360155008546087,25.390477577888817,25.278700186797607,25.122926856123797,25.030365425578736
44,25.478491319441048,25.373869485822468,25.403750537401436,25.29291951593524,25.129016841873124,25.03130024440037
46,25.49017331508827,25.387346306538063,25.41677786022234,25.30689155784097,25.135033106879007,25.032285205343385
48,25.501685099191207,25.400593920557355,25.429572064146384,25.320621120187695,25.1409736278718,25.033319074136614
50,25.51302381875172,25.41361927190559,25.442142996587734,25.334113643727562,25.146836959262203,25.03440060907991
52,25.52418818546738,25.426428234845673,25.454498636441656,25.347374709130293,25.152622069363645,25.0355285754369
54,25.53517806723454,25.43902590523811,25.466645594495105,25.360409891978804,25.158328247111342,25.036701739238254
56,25.54599422501161,25.45141682036291,25.478589506216338,25.3732246251613,25.16395497523962,25.03791886084906
58,25.55663805946648,25.463605094394495,25.49033526089937,25.38582413443197,25.16950195064959,25.0391787283599
60,25.56711144219213,25.475594541762632,25.501887224700283,25.398213389945397,25.174969050392463,25.040480147903907
62,25.577416583704974,25.487388746672366,25.51324935915619,25.410397175647574,25.18035638014379,25.041821903175048
64,25.587555894747823,25.49899115283,25.524425385192274,25.422380010100994,25.1856642024066,25.043202802309168
66,25.597531894825067,25.510405099346087,25.53541884642442,25.434166172652738,25.190892889233112,25.04462167738319
68,25.6073472056965,25.5216338245869,25.546233116172914,25.445759713850464,25.196042915632404,25.046077381939938
70,25.617004538068215,25.532680473312382,25.556871409753,25.457164496608186,25.201114838166234,25.04756878008999
72,25.626506562052725,25.543548140070072,25.56733686737215,25.468384227944455,25.20610929310152,25.049094753216252
74,25.63585591680868,25.554239867354056,25.577632550696933,25.479422471782925,25.211026987404182,25.050654196192056
76,25.645055179717076,25.564758656059496,25.587761470810904,25.49028265235205,25.21586869543745,25.052246036075132
78,25.654106918181185,25.575107446970094,25.597726548686467,25.50096807074607,25.22063525970492,25.05386920417874
80,25.6630136327081,25.58528914076618,25.60753066229364,25.511481965881615,25.225327571929313,25.055522635272098
82,25.671777796986873,25.59530658286684,25.617176617826487,25.521827437863124,25.22994653458335,25.057205315070235
84,25.680401838866658,25.605162570931554,25.626667162019828,25.53200749611659,25.234493092993432,25.058916239880602
86,25.68888814284543,25.614859853037444,25.636004985881698,25.54202508790246,25.23896818632585,25.060654414902217
88,25.697239048317158,25.62440112931,25.645192722935178,25.55188306870076,25.243372782416884,25.062418873380068
90,25.705456845502397,25.633789053329508,25.654232957030274,25.561584238236094,25.247707850022323,25.064208668710137
92,25.713543783430225,25.64302623284965,25.6631282233555,25.571131334771223,25.251974384097878,25.066022868630682
94,25.72150206338091,25.65211522825092,25.67188100412892,25.580527028843505,25.25617338736214,25.06786056239622
96,25.72933385769562,25.661058555936563,25.68049373553896,25.589773930666126,25.260305855251488,25.069720857095433
98,25.7370412895944,25.669858685133647,25.68896880197707,25.598874585958413,25.26437280228282,25.071602878876035
100,25.744626450390967,25.678518042347093,25.697308547436762,25.607831504917442,25.268375231552284,25.073505772249348
102,25.75209139197483,25.687039008712475,25.705515267915814,25.616647139549116,25.272314150506816,25.07542870043261
104,25.759438128834574,25.695423923946407,25.71359121662846,25.62532388735309,25.276190551942193,25.077370844161976
106,25.766668641200283,25.703675087339832,25.721538607325954,25.633864102290147,25.280005408037994,25.079331401617026
108,25.773784872545264,25.71179475383184,25.72935960830938,25.642270087849454,25.283759692707974,25.081309589959062
110,25.78078873907731,25.719785143049705,25.737056356805795,25.650544118472055,25.287454340107786,25.083304643508257
112,25.787682115624932,25.72764842933549,25.744630941527646,25.658688408581554,25.291090297821086,25.08531581459141
114,25.79446684725434,25.735386754923923,25.752085421378467,25.66670514221363,25.294668526890007,25.087342370585304
116,25.801144734457296,25.74300220686706,25.75942180020951,25.67459644183276,25.298189954926272,25.089383602409214
118,25.80771740714505,25.75049666886838,25.766641887027106,25.682364225113304,25.301655456901983,25.09143888699367
120,25.814186665802538,25.75787222836783,25.77374768675446,25.69001061688283,25.30506596492438,25.09350751497874
122,25.820554264353348,25.765130917207387,25.78074115083615,25.697537685394025,25.30842239557245,25.09558880056221
124,25.82682195672527,25.77227476723459,25.787624230722315,25.704947498905597,25.311725665425854,25.097682057941427
126,25.832991368895193,25.77930565588389,25.79439872885274,25.712241959713253,25.314976599563295,25.09978667315812
128,25.839064225225513,25.78622557932414,25.801066562246262,25.71942309772777,25.318176093418344,25.101901977013824
130,25.845042284076214,25.79303657475299,25.807629687514748,25.72649298695768,25.321325066735824,25.104027281223296
132,25.8509269503881,25.799740263928413,25.81408965967222,25.73345326084194,25.32442427329505,25.106162082247067
134,25.85671969643778,25.80633834754434,25.820448110051927,25.740305636410028,25.32747449679249,25.108305841616755
136,25.862422277137796,25.812832857618048,25.82670699033048,25.747052181554466,25.330476646498198,25.110457874250926
138,25.868036092586124,25.819225411659602,25.832867851875164,25.75369453764216,25.333431476392263,25.112617675294644
140,25.87356242335369,25.825517487841296,25.83893211158437,25.760234205256495,25.33633968863063,25.11478479980923
142,25.879002923082282,25.83171099924408,25.84490160606748,25.76667312440412,25.339202147121853,25.116958615847295
144,25.88435899020675,25.837807559949795,25.85077788475104,25.773012928614833,25.342019606207998,25.11913862457294
146,25.889631840251297,25.84380856827005,25.856562291164607,25.779255025943314,25.344792742778907,25.1213244276816
148,25.89482301881634,25.84971581189319,25.862256540396686,25.785401231334447,25.347522373493064,25.123515445454757
150,25.899933894392177,25.855530870674386,25.867862148780716,25.791453146066317,25.350209227308085,25.125711191650396
152,25.904965597240846,25.861255047993893,25.8733803670346,25.797412097113977,25.352853879506654,25.12791129489034
154,25.909919599829152,25.866890044377385,25.87881282742279,25.80327980547844,25.35545712611696,25.13011521880179
156,25.91479724106631,25.872437405454946,25.88416101353124,25.809057837547414,25.358019680174323,25.132322492154742
158,25.919599619260282,25.877898399145522,25.889426144070228,25.81474747055978,25.36054214553627,25.134532770586418
160,25.9243280589821,25.883274554530033,25.89460968684108,25.820350253672416,25.363025228731146,25.136745590428916
162,25.928983786277684,25.888567286967884,25.899713001180146,25.825867617637016,25.365469591579142,25.138960539966718
164,25.933567970423894,25.89377794535011,25.90473738124689,25.831300938556353,25.36787584743155,25.14117722719908
166,25.938081790951344,25.898907891206306,25.90968413477259,25.83665159329297,25.370244633635764,25.14339526342536
168,25.942526394821414,25.903958448161518,25.91455453274517,25.841920924066983,25.372576565236102,25.14561427373252
170,25.946902941015367,25.908930952762773,25.91934985849724,25.84711028295959,25.3748722640168,25.147833880187534
172,25.95121254399072,25.913826690591975,25.9240713464971,25.852220973071837,25.377132327705397,25.15005372500508
174,25.955456297287753,25.918646922950245,25.92872020792521,25.85725427303879,25.37935734295951,25.152273460914614
176,25.959635278264443,25.923392892210757,25.933297635804195,25.86221144194718,25.381547887970157,25.154492749228723
178,25.963750544333777,25.928065817564573,25.93780480092272,25.86709371542753,25.383704530393572,25.156711261377097
180,25.967803132963866,25.93266689502201,25.94224285183435,25.871902305654373,25.38582782735017,25.158928678908467
182,25.971794070435124,25.93719731150628,25.94661292801362,25.876638407640428,25.38791833089698,25.161144679877054
184,25.975724359882463,25.941658225609046,25.95091614189363,25.881303190642654,25.38997658055638,25.163358957428898
186,25.979594977929935,25.946050762170387,25.95515357380833,25.88589779574096,25.392003101211174,25.165571225035194
188,25.98340688586319,25.950376030265318,25.959326288778527,25.890423343871078,25.39399841008816,25.16778119912277
190,25.98716102541772,25.954635116421457,25.96343533018313,25.89488093279573,25.395963014124902,25.169988605623132
192,25.99085831877727,25.95882908461857,25.967481719757927,25.899271637104164,25.39789740996963,25.17219317997393
194,25.994499723083266,25.962959034079233,25.971466513379312,25.903596597080707,25.399802101308353,25.174394640458843
196,25.998086238628332,25.967026107955178,25.97539080945063,25.90785703206319,25.401677601469544,25.176592684200784
198,26.001618679297565,25.971031249950272,25.97925551397276,25.91205386618236,25.40352436045208,25.17878709943335
200,26.005097918380272,25.974975464927695,25.98306159210614,25.916188129119803,25.405342843063806,25.18097764528028
202,26.008524812421513,25.978859738180006,25.986809990240488,25.920260831960434,25.407133504715546,25.1831640889979
204,26.011900201222545,25.98268503542789,25.990501635996168,25.924272967193076,25.40889679142134,25.185346205974554
206,26.015224914322914,25.986452312941253,25.99413744792463,25.92822550084628,25.410633148915906,25.187523774771478
208,26.01849983927292,25.99016262411925,25.997718437671494,25.932119289683726,25.412343118683168,25.18969652489119
210,26.021725730097216,25.993816820479253,26.00124542335783,25.935955313514853,25.41402706855132,25.191864283312214
212,26.024903371863445,25.997415808567723,26.00471927584357,25.939734475592275,25.41568542416593,25.19402684858602
214,26.028033534010717,26.000960477102296,26.00814084888924,25.943457659218268,25.417318603345564,25.196184026542994
216,26.03111697035041,26.004451696970648,26.011510979154366,25.94712572774489,25.418927016081113,25.19833563029175
218,26.034154419064805,26.007890321230605,26.01483048619872,25.95073952457318,25.420511064536015,25.20048148021948
220,26.037146753280183,26.011277309739114,26.018100292587462,25.954300367345752,25.42207115634477,25.202621377608068
222,26.040094653138055,26.01461345772526,26.021321162314678,25.957808971653833,25.423607675650885,25.204755162094955
224,26.042998813286715,26.01789956753106,26.02449386631116,25.96126613204177,25.425121001431478,25.206882675316535
226,26.04585993654888,26.02113644337095,26.02761917739491,25.96467270122963,25.426611506938514,25.209003762015925
228,26.048678712437038,26.02432487354787,26.030697853131812,25.96802951959222,25.428079557802164,25.211118273809518
230,26.051455817151407,26.02746563045247,26.03373063583541,25.971337415158644,25.42952551202876,25.213226069185964
232,26.054191915051604,26.03055952726828,26.03671830623165,25.974596847616056,25.43094974061995,25.215326905718655
234,26.056887656449987,26.033607332896224,26.039661602945728,25.97780844241646,25.43235259663919,25.217420601781953
236,26.059543677208865,26.036609756378482,26.04256120775807,25.9809730885749,25.43373440954798,25.21950706616059
238,26.062160600680215,26.0395675217448,26.04541781644167,25.984091468764348,25.43509551242022,25.221586155775356
240,26.064739036939102,26.042481338446635,26.0482321107782,25.987164244942107,25.436436231191976,25.223657731884543
242,26.06727958278367,26.045351901356582,26.05100475855926,25.990192058349805,25.437756884661383,25.225721660085185
244,26.069782862434238,26.048179916937727,26.053736436507336,25.993175855489255,25.43905782185908,25.227777860533422
246,26.072249534759123,26.050966107890474,26.056427834343992,25.99611694599031,25.44033942868367,25.22982631686051
248,26.074680115810963,26.05371109904189,26.05907955484662,25.999015581245374,25.441601964949598,25.231866857191847
250,26.07707516937279,26.05641553986817,26.06169222115949,26.001872480561644,25.44284573935198,25.233899389270448
252,26.07943524774265,26.059080066418403,26.064266443446,26.00468835688008,25.444071055092707,25.23592382738974
254,26.081760951008903,26.06170536056476,26.06680288048443,26.007463657837718,25.445278201817302,25.237939992497047
256,26.084052854652157,26.064292077635002,26.06930216443567,26.0101988820266,25.44646746546306,25.23994773420287
258,26.08631146569627,26.066840802584522,26.071764855275944,26.01289477054553,25.447639134224517,25.24194700467848
260,26.088537314128473,26.069352141374623,26.074191535797638,26.01555190764094,25.4487934861167,25.243937704589086
262,26.0907309207376,26.071826688825638,26.076582778188083,26.018170861203373,25.44993079335103,25.245919737294855
264,26.09289287153291,26.0742650522281,26.078939168864224,26.02075254090795,25.451051385583185,25.247893213410123
266,26.095023677000484,26.076667806688135,26.081261261503585,26.023297520885706,25.452155530295897,25.24985806393471
268,26.097123837450056,26.079035515860426,26.0835495988527,26.025806354202757,25.45324348833543,25.251814219874348
270,26.09919386015082,26.081368737384935,26.08580471844442,26.028279655329868,25.454315528477366,25.253761659344434
272,26.101234243542365,26.08366801876531,26.088027148164826,26.030718030498576,25.455371914346813,25.25570036482594
274,26.103245305532425,26.085933919074193,26.0902174206106,26.03312179557662,25.45641278771592,25.257629907545322
276,26.105227578988377,26.088166958958084,26.092376040018223,26.035491625901784,25.45743843731276,25.259550404795903
278,26.107181504162384,26.090367659519018,26.094503507983234,26.03782805090526,25.458449089767498,25.261461775427335
280,26.109107509903026,26.09253653204786,26.096600316669026,26.040131587548842,25.459444964811098,25.2633639364239
282,26.111006009479695,26.094674078060677,26.098666947874847,26.04240261121771,25.460426300038137,25.265256802717147
284,26.112877391204677,26.096780789379807,26.10070387094123,26.044641065676217,25.46139340654105,25.267140286771735
286,26.114722053888784,26.098857147827232,26.102711550668857,26.046847559597552,25.462346458584136,25.269014300157494
288,26.116540375612033,26.10090362549471,26.104690440343063,26.04902240076416,25.463285678854106,25.27087875216415
290,26.118332722472076,26.102920684668277,26.106640983688465,26.051165866596023,25.464211286569196,25.272733550189685
292,26.12009955122329,26.10490878515526,26.10856361593102,26.053279050485855,25.46512351642008,25.274578809816887
294,26.12184134603791,26.106868379770674,26.11045876314273,26.055363340341444,25.466022606899003,25.2764147253784
296,26.12355841298057,26.10879989966287,26.112326840115713,26.057418723907347,25.466908762377386,25.278241149302573
298,26.125251132056235,26.110703772308682,26.114168252969932,26.05944586705533,25.467782199612714,25.280058107986804
300,26.126920011116056,26.11258045746098,26.115983455456274,26.06144481432017,25.468643070345763,25.281865476225278
302,26.12856544738571,26.114430372592608,26.11777284657859,26.06341614819388,25.469491573853304,25.28366327038094
304,26.130187838373956,26.116253927571222,26.119536818207223,26.065360449964885,25.470327904602584,25.285451512038264
306,26.131787577680768,26.118051537068993,26.12127577136863,26.067278136833522,25.471152241375478,25.287230186739237
308,26.133364926539173,26.11982364607212,26.122990147681605,26.069169209243853,25.47196474637741,25.288999179742916
310,26.13492030904689,26.121570647031547,26.12468032517569,26.071034155098175,25.47276558997686,25.290758505608153
312,26.13645408351789,26.123292944027583,26.126346698976533,26.072873249471456,25.473554931545493,25.2925081303884
314,26.13796654062918,26.12499092544664,26.127989640962994,26.074686947302382,25.47433299148753,25.29424803478088
316,26.139457946282903,26.126664971632238,26.129609513617595,26.07647573310993,25.475100003812997,25.295978201805667
318,26.140928622174727,26.128315469266624,26.13120669606252,26.078239838495676,25.475856126986685,25.297698593648704
320,26.142378845553992,26.129942793477255,26.13278155166671,26.079979593611995,25.476601554844763,25.299409180473788
322,26.14380896724998,26.131547278856203,26.13433438933356,26.08169547371591,25.477336443388083,25.30110999648997
324,26.145219247001307,26.13312928410079,26.13586555468197,26.08338781155652,25.478060985164632,25.302801018201592
326,26.146609950399295,26.134689153958277,26.137375376367515,26.085056966695845,25.47877536548043,25.304482236084084
328,26.147981404136374,26.13622719659969,26.138864146907792,26.086703312669272,25.479479685262447,25.306153666238345
330,26.149333930406726,26.13774374382632,26.140332183013072,26.088327219805308,25.480174072849707,25.307815313033473
332,26.150667804046122,26.139239146295665,26.14177981876304,26.08992905633005,25.480858715990678,25.309467167536525
334,26.151983317566362,26.140713731118524,26.143207367578214,26.09150916923153,25.481533761101616,25.311109231873218
336,26.153280746168832,26.142167776888357,26.144615104365414,26.093067807713,25.48219930943452,25.312741522027693
338,26.154560391064308,26.143601635097923,26.146003361899318,26.094605367902375,25.48285553010129,25.314364033160757
340,26.155822544275054,26.145015631485705,26.147372452509956,26.096122194020097,25.48350256823909,25.31597676778989
342,26.157067429257893,26.146410027315994,26.14872263275896,26.09761852924231,25.484140566791837,25.317579743968906
344,26.15829532715685,26.147785138097845,26.150054206128914,26.09909470175893,25.484769670549383,25.31917296668081
346,26.159506525587915,26.149141285426538,26.151367481366435,26.100551049296598,25.485390024508263,25.320756439441254
348,26.160701268989385,26.15047875192448,26.152662731478188,26.101987854643824,25.486001764429545,25.32233017673701
350,26.161879762550768,26.15179778533826,26.1539401967745,26.103405353578466,25.486605015032808,25.32389420342605
352,26.163042296846072,26.153098709287235,26.155200188696256,26.104803884148566,25.48719992505829,25.325448521803594
354,26.164189129544013,26.154381818151194,26.156442991272172,26.10618374498921,25.487786633989288,25.326993142859408
356,26.165320429108817,26.15564731665728,26.15766880066377,26.107545150617796,25.488365218271213,25.3285280999242
358,26.166436468418453,26.156895514470705,26.15887791588085,26.1088884140118,25.488935828135197,25.330053400179338
360,26.167537491297765,26.158126692057692,26.160070607316072,26.11021382075188,25.489498593280757,25.331569058082152
362,26.168623702785283,26.159341085485664,26.161247101540937,26.111521617731853,25.4900536197851,25.333075097806102
364,26.169695306318374,26.160538928973494,26.162407623302272,26.1128120502421,25.49060101276092,25.33457154392596
366,26.1707525492738,26.16172050745905,26.163552447425616,26.114085407564573,25.491140903787766,25.33605841000923
368,26.171795655152835,26.16288607795815,26.164681821230772,26.115341954144185,25.49167341099752,25.33753571582912
370,26.172824804502454,26.16403584409312,26.165795939982274,26.116581901622737,25.492198636441174,25.33900349427546
372,26.173840223166906,26.165170065792324,26.166895053839255,26.117805517325394,25.49271669912747,25.340461764406257
374,26.174842117967557,26.166288979337594,26.16797938990686,26.119013045192276,25.493227710943927,25.34191055108812
376,26.175830686043525,26.167392809224737,26.169049164405976,26.12020471760917,25.493731775429467,25.34334988071356
378,26.17680612339069,26.168481778455714,26.170104591923575,26.121380765454944,25.49422899707912,25.344779780442934
380,26.177768625068836,26.16955610878796,26.17114588563726,26.12254141834495,25.494719481567074,25.3462002781867
382,26.178718383043304,26.17061601922984,26.172173256327994,26.123686902180737,25.495203330611673,25.3476114019756
384,26.179655592510528,26.17166173592699,26.173186922023376,26.12481744677774,25.495680643118988,25.34901317770715
386,26.180580436527123,26.17269346622294,26.174187082205947,26.12593326717439,25.496151517265787,25.35040563605554
388,26.18149309826441,26.173711419340577,26.175173938376986,26.127034578534165,25.49661604883937,25.35178880696236
390,26.182393757836905,26.174715801028867,26.176147688732556,26.128121592287982,25.497074331666056,25.353162721062688
392,26.183282592301396,26.175706813561362,26.177108528163842,26.129194516133737,25.497526457613333,25.354527409684863
394,26.184159775658202,26.17668465573837,26.1780566482567,26.130253554037324,25.49797251658771,25.35588290485117
396,26.185025476882686,26.177649519865838,26.178992233835572,26.131298906940913,25.4984126032503,25.35722923998884
398,26.185879861373735,26.17860159397884,26.17991546550587,26.132330772241914,25.49884681207385,25.35856644940685
400,26.18672309486368,26.179541067841853,26.180826526529074,26.13334934238145,25.499275223999632,25.35989456688054
402,26.18755533821337,26.180468124960214,26.181725593672184,26.13435480672257,25.499697924198983,25.36121362753505
404,26.1883767491326,26.181382945220605,26.18261284023248,26.135347350929976,25.500114996205355,25.36252366722357
406,26.189187482179193,26.182285704891058,26.183488436036157,26.136327156969003,25.500526521914423,25.363824722526886
408,26.18998769800106,26.183176588438016,26.18435255868775,26.13729441595268,25.50093258593421,25.365116826938163
410,26.19077756954499,26.18405579646884,26.185205401128712,26.13824933677182,25.501333278509662,25.36640000830124
412,26.191557231196896,26.18492348068736,26.186047109727554,26.13919207539908,25.501728671576245,25.367674309803704
414,26.192326830383138,26.1857798098859,26.186877847091694,26.140122806615693,25.50211884305446,25.368939768676626
416,26.1930865118905,26.186624949892405,26.187697772981608,26.141041702216,25.50250386946783,25.37019642266779
418,26.19383641786652,26.187459063570543,26.1885070443098,26.141948931007676,25.50288382594357,25.371444310040886
420,26.194576689810162,26.188282312461922,26.18930581665046,26.14284465979057,25.50325878756331,25.37268346842501
422,26.195307478675034,26.189094865117056,26.19009425189148,26.143729058321753,25.503628836225914,25.37391392897183
424,26.196028912545046,26.1898968704391,26.190872493748486,26.144602283428128,25.503994038693634,25.375135735047877
426,26.196741125329197,26.190688481348218,26.191640689502776,26.145464493111206,25.504354466080542,25.376348925640343
428,26.19744424850802,26.191469847973565,26.192398983747296,26.14631584248849,25.504710188247202,25.377553540131714
430,26.198138411131993,26.1922411176526,26.19314751838664,26.147156483794163,25.505061273799413,25.378749618298855
432,26.198823739822444,26.19300243493302,26.193886432637612,26.147986566379416,25.505407790088213,25.37993720031392
434,26.199500378939717,26.19375396214201,26.19461588287203,26.148806260835784,25.505749809904444,25.381116326538574
436,26.20016844175558,26.194495829584582,26.19533599457651,26.149615700591482,25.506087395272914,25.382287038020593
438,26.200828050390612,26.19522817627734,26.19604690164516,26.150415029680914,25.506420610707153,25.383449376088095
440,26.201479324819672,26.195951138736575,26.196748735564427,26.15120438959542,25.50674951956063,25.384603382461194
442,26.2021223828512,26.1966648509553,26.197441625390127,26.151983919256452,25.507074184019928,25.385749099251996
444,26.202757340126084,26.197369444401886,26.1981256977478,26.152753755015567,25.507394665103618,25.386886568964826
446,26.203384321153237,26.19806506211836,26.198801090819927,26.153514049151397,25.50771102490529,25.38801582495745
448,26.204003435266316,26.19875182800689,26.199467923872078,26.154264929570274,25.508023321708777,25.38913691222325
450,26.204614791965298,26.19942986642633,26.20012631669607,26.15500652551856,25.50833161310362,25.390249874130575
452,26.205218500258695,26.20009930135376,26.200776388778934,26.15573896648351,25.50863595585355,25.39135475299082
454,26.20581466716459,26.20076025446741,26.201418257400917,26.15646237967775,25.50893640559019,25.392451591355155
456,26.206403397709266,26.201412845146763,26.202052037634246,26.15717689003867,25.509233016813653,25.393540432014504
458,26.206984806054095,26.20205720433006,26.20267785572827,26.157882629335234,25.509525853599882,25.39462131230647
460,26.20755899510999,26.20269344912441,26.203295824587087,26.158579719483043,25.509814969982983,25.39569427454643
462,26.208126062628423,26.203321690392556,26.20390605109668,26.159268277530543,25.510100415815998,25.39675936291127
464,26.208686108246127,26.20394204152609,26.20450864459923,26.15994842142328,25.510382243551305,25.397816619833463
466,26.209239229833713,26.204554613899916,26.20510371250083,26.16062026701701,25.510660504727355,25.398866087870545
468,26.20978552349669,26.205159516869514,26.205691360271715,26.161283928076898,25.510935249966963,25.399907809704416
470,26.21032508357399,26.205756857773224,26.20627169144592,26.16193951627764,25.511206528979244,25.40094182814147
472,26.21085800263944,26.206346741930986,26.206844807621735,26.16258714120346,25.511474390558362,25.401968186112583
474,26.211384371499832,26.20692927264514,26.207410808461248,26.16322691034901,25.511738882583757,25.402986926673464
476,26.211904302162623,26.207504576757117,26.20796981564257,26.163858955139006,25.51200006426751,25.40399809477327
478,26.212417871245123,26.208072741671515,26.208521913839775,26.164483366809975,25.512257975976183,25.40500173289564
480,26.21292516519776,26.208633865682998,26.20906719788769,26.165100247650287,25.51251266334674,25.40599788454216
482,26.21342627013695,26.209188046662177,26.20960576217948,26.16570969948117,25.512764171865967,25.406986593449403
484,26.2139212705884,26.209735380655445,26.21013769935331,26.166311822230625,25.513012546198468,25.407967903491965
486,26.214410249485184,26.210275961885202,26.210663100293857,26.16690671393343,25.51325783018757,25.408941858682
488,26.21489328816955,26.210809882749857,26.211182054130916,26.16749447073215,25.51350006685476,25.409908503170243
490,26.215370466391676,26.211337233823144,26.211694648240666,26.16807518687557,25.513739298399457,25.41086788124511
492,26.21584186723493,26.211858109429443,26.212200973561323,26.168648961863425,25.51397556726789,25.411820034192885
494,26.21630759251167,26.212372625068213,26.212701141219043,26.169215922778733,25.514208919490386,25.412764990481435
496,26.21676770118421,26.21288084771703,26.21319521603658,26.169776134963683,25.514439391329404,25.41370280502366
498,26.217222269139427,26.21338286348663,26.21368328107536,26.170329688726895,25.5146670222411,25.41463352106331
500,26.217671370849928,26.21387875686463,26.214165417833954,26.170876672740462,25.514891850897413,25.41555718186936
502,26.21811507937315,26.214368610713734,26.214641706247278,26.171417174040073,25.515113915187783,25.41647383073706
504,26.218553466351807,26.214852506273303,26.21511222468672,26.171951278024324,25.515333252218,25.417383510985758
506,26.218986602013786,26.215330523158002,26.215577049960473,26.172479068456312,25.515549898310326,25.418286265960717
508,26.219414555171454,26.215802739359162,26.216036257312965,26.17300062746125,25.51576388900395,25.419182139032444
510,26.21983740859872,26.216269248906826,26.21648993748562,26.1735160522,25.515975269772355,25.420071168921197
512,26.220255245442274,26.216730146262364,26.216938181641297,26.17402544013629,25.516184086552755,25.420953393828256
514,26.22066811579674,26.217185487916197,26.217381044273964,26.174528852791752,25.516390362444497,25.421828861601455
516,26.221076085835705,26.217635348833426,26.21781859772608,26.17502636902151,25.51659413195847,25.422697614793776
518,26.221479220518916,26.218079802584896,26.21825091299951,26.17551806626085,25.516795428962894,25.42355969592228
520,26.221877583591947,26.218518921348448,26.218678059754836,26.176004020526364,25.51699428668138,25.42441514746855
522,26.222271237585744,26.218952775907894,26.219100106312055,26.176484306415603,25.517190737694875,25.42526401187837
524,26.222660243817415,26.219381435653702,26.219517119650334,26.17695899710742,25.51738481394051,25.426106331561698
526,26.223044662389213,26.219804968582764,26.219929165407677,26.177428164360606,25.517576546711837,25.426942148892692
528,26.2234245723418,26.220223465311335,26.220336330987436,26.177891897109305,25.517765978862542,25.427771503976317
530,26.223800032247993,26.22063699211975,26.220738680375973,26.17835026510369,25.517953140943234,25.42859443901574
532,26.224171092391714,26.221045605465008,26.221136268108864,26.1788033301479,25.518138058577108,25.429410996962417
534,26.224537810449704,26.22144937066713,26.221529157248312,26.179251160568867,25.518320761956204,25.430221219778275
536,26.224900243044033,26.221848351840947,26.221917409698506,26.17969382342011,25.518501280725275,25.431025149371806
538,26.22525844574062,26.222242611898253,26.22230108620471,26.18013138448356,25.51867964398167,25.43182282759807
540,26.22561247305049,26.22263221254576,26.22268024635406,26.18056390826831,25.51885588027534,25.432614296258805
542,26.2259623784293,26.223017214286358,26.223054948574315,26.180991458011192,25.51903001760917,25.43339959710255
544,26.22630821427714,26.223397676418642,26.22342525013545,26.181414095676757,25.519202083438643,25.43417877182418
546,26.226650056787605,26.223773687293658,26.223791235906504,26.181831909181653,25.519372120036508,25.434951867808365
548,26.226987944939367,26.2241452900293,26.224152947749587,26.182244945553123,25.519540146769998,25.43571892402946
550,26.22732192773077,26.22451254002368,26.22451043918494,26.182653262679594,25.519706189306987,25.436479981967807
552,26.227652055467445,26.224875494348623,26.224863765309294,26.183056919765534,25.519870274228822,25.437235083596477
554,26.227978377536317,26.22523420903741,26.225212980218828,26.183455974893775,25.52003242765437,25.437984270866934
556,26.228300942406634,26.225588739086504,26.225558137009614,26.183850485023925,25.52019267523991,25.438727585708932
558,26.228619797628028,26.225939138454635,26.225899287777168,26.1842405059935,25.52035104217879,25.43946507003028
560,26.228934989832453,26.226285460062797,26.22623648361747,26.184626092517135,25.520507553202094,25.440196765717644
562,26.22924656978097,26.226627760762028,26.226569779475938,26.18500730706745,25.520662233943938,25.440922708720393
564,26.229554616518897,26.22696612510441,26.226899257357502,26.18538426236779,25.520815117480822,25.441642900746217
566,26.22985915225439,26.22730058157498,26.227224944537568,26.18575697164755,25.520966221290394,25.442357409007116
568,26.23016022297321,26.22763118192387,26.22754689102004,26.18612549045821,25.521115569072947,25.44306627175439
570,26.23045787394716,26.227957977065728,26.227865146004945,26.18648987358864,25.521263184120414,25.44376952697786
572,26.230752149734656,26.228281017078814,26.228179757890018,26.18685017506624,25.52140908931898,25.44446721240564
574,26.231043094180166,26.2286003512059,26.22849077426855,26.18720644815579,25.521553307146007,25.445159365503685
576,26.23133075041477,26.22891602785313,26.228798241931088,26.187558745360263,25.521695859673002,25.44584602347669
578,26.23161516085571,26.229228094591406,26.22910220686464,26.187907118420355,25.521836768563446,25.44652722326731
580,26.231896367206843,26.229536598154766,26.229402714252558,26.18825161831461,25.521976055073935,25.447203001556147
582,26.2321744104583,26.229841584442227,26.229699808475004,26.188592295259753,25.522113740053726,25.44787339476278
584,26.232449330886595,26.230143098516066,26.22999353310871,26.1889291987099,25.522249843944962,25.448538439044626
586,26.232721168054297,26.23044118460308,26.230283930927328,26.189262377357807,25.522384386782903,25.449198170297052
588,26.232989960810812,26.23073588609367,26.230571043900397,26.189591879133275,25.5225173881949,25.44985262415429
590,26.23325574729182,26.231027245542634,26.230854913194605,26.18991775120429,25.52264886740153,25.450501835988064
592,26.23351856491894,26.231315304668726,26.231135579173326,26.19024003997737,25.52277884321626,25.451145840908964
594,26.233778450400735,26.231600104354413,26.23141308139617,26.19055879109561,25.5229073340451,25.451784673765758
596,26.234035439731827,26.231881684646567,26.231687458619206,26.190874049441106,25.523034357886957,25.452418369144937
598,26.234289580824736,26.232160110702637,26.231958773382814,26.191185825401192,25.523159947093347,25.453047027660716
600,26.234540907302573,26.232435418957436,26.232227060997786,26.191494164855555,25.523284117745277,25.45367067841977
602,26.234789446896286,26.2327076343733,26.232492345893263,26.19179912674946,25.523406879465767,25.45428932309352
604,26.235035233354722,26.232976794902868,26.232754664796346,26.192100751291207,25.52352824933604,25.454902998415434
606,26.23527829974074,26.23324293772049,26.233014053685395,26.192399077852144,25.523648244062713,25.45551174100291
608,26.235518678431674,26.233506099221188,26.233270547789118,26.192694144967675,25.523766879977472,25.456115587358624
610,26.235756401118522,26.23376631502157,26.233524181587484,26.19298599033624,25.52388417303763,25.456714573868965
612,26.235991498807095,26.2340236199596,26.23377498881115,26.193274650819887,25.524000138825897,25.45730873680526
614,26.236224001817448,26.23427804809438,26.234023002441347,26.193560162444157,25.52411479255005,25.457898112323335
616,26.23645393978319,26.23452963270637,26.234268254711026,26.19384256039774,25.524228149043267,25.45848273646351
618,26.236681341652968,26.23477840629704,26.234510777102912,26.194121879033162,25.52434022276458,25.459062645150482
620,26.236906235689332,26.23502440058968,26.23475060035122,26.19439815186621,25.52445102779774,25.459637874193447
622,26.23712864946873,26.235267646528143,26.23498775444108,26.19467141157594,25.524560577852355,25.46020845928632
624,26.237348609882645,26.235508174278323,26.235222268608197,26.194941690005237,25.524668886263214,25.46077443600751
626,26.23756615438714,26.23574602631203,26.235454183766535,26.195209032372475,25.524775975139107,25.461335835709576
628,26.237781419001237,26.23598135975209,26.235683649707937,26.19547360842938,25.524881946918583,25.46189265337358
630,26.23799433908306,26.23621409836454,26.235910594588802,26.1957353344838,25.524986741055443,25.462444956917295
632,26.23820494219143,26.236444273166796,26.236135048416088,26.19599424334109,25.525090372159013,25.462992780211437
634,26.238413255344938,26.236671914567353,26.23635704060797,26.196250367153596,25.525192854583167,25.46353615695722
636,26.23861930502227,26.23689705236478,26.23657659999452,26.196503737420983,25.52529420242496,25.464075120687824
638,26.23882311716153,26.23711971574795,26.23679375481737,26.19675438499013,25.52539442952542,25.464609704767838
640,26.239024717160135,26.237339933296823,26.23700853272959,26.19700234005535,25.525493549468877,25.465139942392568
642,26.23922412987639,26.2375577329812,26.23722096079581,26.19724763215794,25.525591575583633,25.465665866589177
644,26.23942137962723,26.237773142162098,26.237431065492558,26.197490290186522,25.525688520941742,25.466187510216116
646,26.239616490189803,26.237986187590366,26.23763887270769,26.197730342377042,25.525784398359008,25.46670490596324
648,26.23980948480113,26.23819689540761,26.23784440774017,26.19796781631254,25.52587922039453,25.46721808635158
650,26.2400003861581,26.238405291146307,26.238047695301532,26.198202738923612,25.52597299935104,25.46772708373345
652,26.24018921832618,26.238611401833907,26.2382487615443,26.19843513892266,25.526065747899736,25.46823193020697
654,26.24037610338479,26.238815362532307,26.23844773679906,26.198665170016795,25.52615751066395,25.468732653263885
656,26.240560987595302,26.239017114471096,26.238644564480808,26.198892761795662,25.526248274726697,25.469229288119266
658,26.240743894573313,26.239216684139535,26.23883927022092,26.19911794250544,25.52633805237275,25.469721866312227
660,26.240924847527992,26.23941409756543,26.239031879204788,26.199340739910156,25.526426855673606,25.470210419207262
662,26.24110386926253,26.239609380314903,26.239222416171913,26.19956118129261,25.526514696488732,25.470694977994242
664,26.24128098217392,26.239802557491828,26.239410905416037,26.19977929345322,25.526601586464892,25.471175573688413
666,26.24145620825294,26.23999365373919,26.239597370785248,26.199995102710716,25.526687537036253,25.471652237129945
668,26.24162956908407,26.240182693237728,26.2397818356813,26.200208634901912,25.526772559424955,25.47212499898484
670,26.241801085845793,26.240369699706832,26.239964323060065,26.200419915382383,25.526856664639865,25.47259388974402
672,26.241970779310407,26.240554696403763,26.240144855431993,26.20062896902533,25.526939863478162,25.4730589397239
674,26.24213866984377,26.24073770612455,26.240323454861198,26.200835820222153,25.527022166523977,25.473520179066384
676,26.24230477740599,26.240918751203083,26.24050014296614,26.201040492882782,25.527103584149188,25.473977637738074
678,26.24246912155087,26.24109785351203,26.24067494091895,26.20124301043512,25.527184126513077,25.47443134553174
680,26.24263175924085,26.241275069949268,26.240847904675263,26.201443484927665,25.527263795982833,25.474881276273038
682,26.242792684291828,26.241450398072686,26.241019031295025,26.201641880093973,25.5273426072892,25.47532749617909
684,26.242951914431217,26.241623857799425,26.241188340046676,26.20183821648385,25.52742057007532,25.475770035415906
686,26.243109471992,26.24179547365253,26.241355854802634,26.202032519249713,25.527497695425666,25.476208921751606
688,26.243265390196655,26.241965281640603,26.241521610919733,26.202224814847398,25.527574001761707,25.4766441852135
690,26.243419682401566,26.242133296708232,26.24168562273468,26.20241512654087,25.52764949414137,25.477075851180928
692,26.2435723692451,26.24229954146898,26.24184791225747,26.202603478370577,25.527724182532722,25.477503946482273
694,26.243723471187707,26.242464038307105,26.242008501284488,26.202789894061937,25.527798076790816,25.477928497718665
696,26.243873008511002,26.242626809379374,26.242167411398725,26.202974397026708,25.527871186658388,25.47834953126477
698,26.244021001316867,26.242787876613363,26.242324663970123,26.203157010361508,25.52794352176585,25.478767073267875
700,26.244167469529145,26.242947261708707,26.242480280154894,26.203337756849066,25.528015091630607,25.479181149649037
702,26.244312415558795,26.243104974095274,26.242634268266272,26.203516645658,25.528085905372507,25.479591799379875
704,26.24445586023154,26.243261035891067,26.24278664995171,26.20369369990823,25.528155972304774,25.47999904696286
706,26.24459782448895,26.243415469190097,26.242937446860935,26.203868942632482,25.528225301632745,25.48040291644662
708,26.244738324645425,26.243568292768202,26.243086677188955,26.2040423931349,25.528293902376447,25.48080343506132
710,26.244877376613374,26.243719525017184,26.24323435875425,26.204214070234627,25.528361783439152,25.481200629980833
712,26.24501499590309,26.243869183946288,26.243380509000247,26.20438399226549,25.52842895360817,25.481594528323228
714,26.245151197623557,26.24401728718118,26.243525144994635,26.204552177075414,25.52849542155485,25.481985157149836
716,26.245285999619057,26.24416385378919,26.24366828510864,26.204718647703714,25.52856119482675,25.482372540694712
718,26.245419423857413,26.24430890508637,26.24380994976076,26.204883434892338,25.52862627940334,25.482756699137042
720,26.24555147991356,26.244452455031194,26.24395015257386,26.205046547200766,25.52869068499666,25.483137663194668
722,26.24568218262715,26.244594520494218,26.24408890982926,26.205208002956226,25.528754419383233,25.48351545852273
724,26.24581154654726,26.244735118028018,26.244226237491546,26.205367820201275,25.52881749018792,25.483890110622212
726,26.24593958593192,26.24487426386571,26.244362151209145,26.20552601669391,25.528879904884036,25.484261644839705
728,26.246066314748475,26.245011973922317,26.244496666314433,26.20568260990757,25.528941670792676,25.484630086367645
730,26.24619174667356,26.24514826379408,26.244629797822938,26.205837617030568,25.529002795083272,25.484995460244647
732,26.246315905901213,26.24528315549361,26.244761567713283,26.205991062483406,25.5290632897283,25.485357788257772
734,26.24643880240427,26.245416662034074,26.24489198826558,26.206142960714317,25.529123160162214,25.48571709603192
736,26.246560448705566,26.245548797879962,26.24502107335792,26.206293327861943,25.529182412969988,25.486073408223263
738,26.24668085868342,26.245679578203465,26.245148837659883,26.206442180926217,25.52924105533924,25.48642674886247
740,26.246800046026294,26.245809017920408,26.24527529559333,26.206589536691638,25.52929909435221,25.486777141796722
742,26.246918024233025,26.245937131690937,26.245400461331258,26.206735411728516,25.52935653698529,25.4871246106905
744,26.24703480661168,26.24606393391963,26.24552434879837,26.20687982239275,25.529413390109823,25.487469179025368
746,26.247150408141977,26.246189441548438,26.245646974723456,26.20702278583923,25.529469660050893,25.487810869184784
748,26.247264844490758,26.24631367258229,26.245768357025952,26.207164319486708,25.529525352820144,25.4881497029383
750,26.247378126631304,26.246436638005946,26.245888505989058,26.207304438085487,25.529580475390105,25.48848570408569
752,26.247490267660453,26.246558352023897,26.2460074354438,26.20744315743201,25.52963503407915,25.48881889510659
754,26.247601280527476,26.246678828647248,26.246125159040787,26.20758049313116,25.52968903509094,25.489149298276573
756,26.247711178033853,26.24679808169452,26.246241690251793,26.20771646059626,25.529742484513065,25.48947693566805
758,26.247819972832474,26.246916124791312,26.246357042368857,26.20785107504895,25.52979538831795,25.48980182914903
760,26.247927677429004,26.247032971370288,26.24647122850405,26.207984351519087,25.5298477523624,25.49012400038481
762,26.24803430142657,26.24714863779269,26.246584263880152,26.208116301161283,25.52989958734264,25.490443476091798
764,26.248139858215893,26.247263135767014,26.24669616026796,26.20824694020206,25.529950896758862,25.490760275273203
766,26.248244359726016,26.24737647829653,26.246806930351397,26.208376282919915,25.5300016863593,25.491074419234735
768,26.248347817559136,26.24748867839554,26.246916586782902,26.208504343161792,25.530051962098526,25.491385929420687
770,26.248450243146124,26.24759974891134,26.24702514205518,26.208631134551922,25.530101729857563,25.491694827115055
772,26.248551647747092,26.247709702524105,26.247132608500067,26.208756670492846,25.530150995442625,25.49200113344233
774,26.248652042451738,26.247818551747116,26.247238998288992,26.208880964164507,25.53019976458546,25.49230486936682
776,26.24875143817809,26.24792630892688,26.247344323432515,26.20900402852459,25.530248042944038,25.492606055692534
778,26.24884984567433,26.248032986242663,26.24744859578078,26.209125876308974,25.530295836101175,25.492904713063524
780,26.248947275516855,26.24813859570719,26.24755182702353,26.209246520030604,25.530343149565795,25.493200861963885
782,26.249043738111652,26.248243149165603,26.247654028689738,26.20936597198073,25.53038998877247,25.49349452271764
784,26.249139243693946,26.248346658296498,26.247755212148206,26.20948424422835,25.53043635908108,25.49378571548897
786,26.24923380232798,26.248449134611576,26.247855388606297,26.209601348620083,25.530482265777493,25.494074460281638
788,26.249327423907232,26.248550589455647,26.247954569111755,26.209717296779957,25.530527714073003,25.49436077693923
790,26.249420118534715,26.24865103409337,26.248052764644456,26.209832101175436,25.53057270879782,25.494644685086257
792,26.24951191790143,26.24875048462542,26.248149991344974,26.209945834886355,25.530617237202193,25.494926200779616
794,26.249602815458218,26.24884894823316,26.24824625588286,26.210058464330416,25.53066131709096,25.495205345877423
796,26.24969282128751,26.24894643579438,26.248341568876924,26.210170002683242,25.53070495267599,25.495482139446665
798,26.249781945348843,26.249042958029975,26.248435940796696,26.21028046303087,25.53074814805649,25.49575660038721
800,26.2498701974784,26.249138525505657,26.248529381962783,26.210389858370547,25.53079090721843,25.496028747431012
802,26.249957587389588,26.249233148630708,26.248621902547086,26.210498201611188,25.530833234035583,25.49629859914222
804,26.250044124672115,26.24932683765877,26.248713512572465,26.21060550557212,25.530875132268477,25.496566173918097
806,26.2501298187928,26.24941960268694,26.248804221913076,26.21071178298422,25.530916605565324,25.49683148998787
808,26.25021467909511,26.24951145365702,26.248894040293806,26.210817046489467,25.5309576574611,25.497094565413647
810,26.250298714799726,26.24960240035415,26.248982977290837,26.21092130864048,25.530998291378694,25.497355418089853
812,26.2503819350041,26.249692452407714,26.249071042331877,26.21102458190154,25.53103851062764,25.49761406574345
814,26.250464348681874,26.249781619291582,26.24915824469457,26.21112687864769,25.53107831840481,25.497870525933592
816,26.250545964684477,26.249869910322957,26.249244593509218,26.211228211165405,25.53111771779487,25.498124816052552
818,26.250626791739762,26.24995733466318,26.24933009775583,26.21132859165192,25.531156711769256,25.49837695332434
820,26.250706832107937,26.250043900151752,26.249414764322694,26.211428005282585,25.531195317370646,25.498626956755118
822,26.25078603811818,26.25012960531666,26.249498584687842,26.211526225687123,25.531233662893158,25.498874860486183
824,26.250864463513437,26.250214467193757,26.249581581290443,26.211623457471603,25.531271649497683,25.4991206672957
826,26.25094211463164,26.250298493971457,26.249663761934187,26.211719704423842,25.531309283946428,25.49936439432082
828,26.251018997602102,26.250381693667066,26.24974513424803,26.21181496987805,25.53134657308084,25.499606058557504
830,26.251095118344494,26.250464074125773,26.249825705684827,26.211909256715728,25.531383523821603,25.49984567686073
832,26.25117048257033,26.250545643020757,26.24990548352281,26.212002567365005,25.531420143167622,25.500083265944056
834,26.251245095781485,26.250626407854327,26.249984474865357,26.21209490380096,25.53145643819829,25.50031884238018
836,26.25131896327167,26.250706375955872,26.25006268663975,26.212186267545405,25.531492416070762,25.50055242260038
838,26.251392090124625,26.25078555448391,26.250140125598875,26.212276659667225,25.531528084022,25.500784022894948
840,26.25146448121592,26.25086395042473,26.25021679831997,26.212366080781692,25.531563449367752,25.50101365941299
842,26.251536141212057,26.250941570593056,26.250292711205418,26.212454531051833,25.53159851950312,25.501241348162523
844,26.251607074570018,26.251018421631727,26.250367870481966,26.21254201018627,25.531633301902104,25.501467105010022
846,26.251677285538733,26.251094510011797,26.250442282201618,26.21262851744183,25.53166780411783,25.501690945681446
848,26.251746778157383,26.25116984203288,26.250515952241074,26.212714051621163,25.531702033782437,25.501912885761215
850,26.251815591403385,26.251244436380432,26.250588901247795,26.212798750881745,25.5317359364023,25.502132943397726
852,26.251883869275332,26.25131834916823,26.250661194442785,26.21288317151169,25.53176927132182,25.502351144698025
854,26.25195148956078,26.25139154129357,26.250732783755495,26.212966811243803,25.531802268747185,25.502567495153983
856,26.252018460653915,26.25146402022318,26.25080367656932,26.213049687713863,25.531834927441935,25.502782010184603
858,26.25208479095471,26.251535793329083,26.25087388018318,26.213131818962836,25.531867245865726,25.502994705084745
860,26.252150488870882,26.25160686788894,26.250943401813572,26.213213223435844,25.531899222176037,25.503205595024895
862,26.25221556281616,26.25167725108537,26.251012248592872,26.213293919983414,25.53193085422771,25.503414695050253
864,26.252280021211448,26.251746950006066,26.251080427570344,26.213373927861028,25.53196213957284,25.503622020082446
866,26.252343872484232,26.251815971644703,26.251147945711352,26.21345326672855,25.53199307546066,25.5038275849177
868,26.252407125068373,26.25188432289991,26.251214809898613,26.213531956651025,25.532023658838227,25.504031404227987
870,26.252469787405232,26.25195201057528,26.251281026930258,26.213610018098223,25.532053886349388,25.5042334925609
872,26.252531867942423,26.25201904138038,26.251346603521654,26.213687471944752,25.5320837543357,25.504433864339433
874,26.25259337513438,26.252085421929394,26.251411546305064,26.213764339470174,25.53211325883575,25.50463253386164
876,26.25265431744191,26.25215115874238,26.251475861828396,26.21384064235889,25.53214239558605,25.504829515301424
878,26.25271470333331,26.25221625824446,26.251539556556338,26.21391640269991,25.532171160019686,25.50502482270832
880,26.252774521085087,26.252280738154298,26.25160264739185,26.2139914387987,25.532199646191145,25.505218462080336
882,26.252833735337788,26.25234462942757,26.251665163469227,26.214065330349683,25.532228063647892,25.505410430012887
884,26.252892398875645,26.25240791322875,26.25172708792917,26.21413854846304,25.53225618996663,25.50560075756499
886,26.252950518150385,26.25247059675604,26.251788427966915,26.214211096194674,25.53228402937549,25.505789457485946
888,26.25300809953643,26.252532687161022,26.251849190738028,26.214282976150855,25.532311586214234,25.505976542367137
890,26.25306514932987,26.252594191547757,26.251909383359077,26.2143541904872,25.53233886493439,25.506162024642833
892,26.253121673749035,26.25265511697347,26.25196901290684,26.214424740909124,25.532365870099113,25.506345916588828
894,26.25317767893449,26.252715470448322,26.25202808641876,26.214494628671503,25.532392606383212,25.506528230323227
896,26.25323317094893,26.25277525893563,26.252086610893173,26.214563854578785,25.53241907857324,25.506708977807023
898,26.253288155777284,26.252834489351528,26.252144593288733,26.21463241898556,25.53244529156717,25.50688817084273
900,26.253342639326263,26.25289316856555,26.252202040524764,26.21470032179542,25.53247125037484,25.507065821075514
902,26.25339662742516,26.25295130339947,26.252258959481026,26.2147675624621,25.532496960117953,25.50724193999264
904,26.253450125825168,26.253008900628913,26.25231535699828,26.214834139988795,25.532522426029402,25.507416538923678
906,26.253503140199484,26.253065966981865,26.252371239877732,26.214900052928044,25.532547653453946,25.507589629040638
908,26.25355567614389,26.253122509139814,26.25242661488079,26.214965299382413,25.532572647847985,25.507761221357043
910,26.253607713964755,26.25317851754761,26.252481466889037,26.215029964750045,25.532597403474995,25.50793137353736
912,26.253659228581967,26.25323397919368,26.252535776145066,26.215094152455038,25.532621912329716,25.508100152944337
914,26.25371026231386,26.25328892435033,26.252589581308996,26.215157730623503,25.532646196774806,25.50826750150378
916,26.25376081851249,26.253343358269888,26.252642887310515,26.215220702283034,25.53267026184659,25.508433433186894
918,26.253810900371093,26.25339728610612,26.252695698970967,26.21528307028865,25.532694112657566,25.508597961955445
920,26.253860510926017,26.253450712914912,26.252748021003242,26.21534483732188,25.532717754396174,25.508761101761536
922,26.253909653055928,26.253503643653914,26.252799858011656,26.21540600589225,25.532741192326114,25.50892286654704
924,26.25395832948169,26.253556083182332,26.252851214492182,26.215466578335906,25.53276443178794,25.50908327024473
926,26.254006542766604,26.253608036261483,26.25290209483211,26.215526556816542,25.532787478197235,25.50924232677727
928,26.254054295316735,26.25365950755412,26.25295250331027,26.21558594332504,25.532810337045987,25.509400050057877
930,26.254101589380014,26.253710501624994,26.25300244409715,26.21564473967925,25.53283301390212,25.509556453990115
932,26.254148427046914,26.253761022940978,26.25305192125444,26.215702947524335,25.532855514409164,25.50971155246765
934,26.25419481025068,26.253811075870146,26.25310093873594,26.21576056833277,25.532877844286475,25.509865359374828
936,26.254240740766306,26.25386066468235,26.253149500386314,26.215817603403877,25.532900009329808,25.510017888585537
938,26.25428622021178,26.25390979355012,26.253197609942106,26.21587405386441,25.532922015410406,25.510169153965023
940,26.254331296934367,26.253958464862706,26.253245273042978,26.21593002474532,25.532943786725752,25.510319083463685
942,26.25437600121478,26.2540066815547,26.25329249445116,26.215985581150505,25.53296527877518,25.510467637834893
944,26.254420286514176,26.254054449216312,26.253339275532483,26.216040617844726,25.53298658079501,25.510614918277327
946,26.254464156706433,26.2541017715227,26.2533856197129,26.216095141669996,25.53300769392837,25.510760933328754
948,26.254507615625982,26.254148652047263,26.25343153031548,26.21614915955928,25.533028619186382,25.510905691300025
950,26.25455066706894,26.254195094259842,26.253477010559948,26.216202678536263,25.533049357450125,25.511049200274385
952,26.25459331479152,26.25424110152909,26.25352206356223,26.216255705714786,25.533069909468907,25.511191468108848
954,26.254635562512078,26.254286677120206,26.25356669233514,26.216308248299526,25.533090275861525,25.51133250243271
956,26.254677413909064,26.254331824196413,26.25361089978793,26.21636031358622,25.533110457115697,25.511472310648003
958,26.254718872622732,26.254376545818047,26.253654688726726,26.216411908960197,25.533130453587717,25.511610899930076
960,26.25475994225411,26.25442084494358,26.253698061853868,26.216463041898407,25.533150265503366,25.511748277226786
962,26.25480062636524,26.2544647244286,26.253741021768917,26.216513719967963,25.533169892957233,25.511884449259526
964,26.25484092847927,26.254508187026147,26.253783570967414,26.21656395082647,25.533189335912937,25.512019422521746
966,26.254880852080362,26.25455123538717,26.253825711841557,26.21661374222259,25.533208594203018,25.512153203280207
968,26.254920400614026,26.254593872059843,26.25386744668066,26.216663101995152,25.533227667528934,25.512285797574634
970,26.254959588262352,26.254636121171927,26.25390880431047,26.21671198149471,25.533246575324313,25.51241728277813
972,26.254998421294147,26.2546779909041,26.253949793985214,26.216760373508635,25.533265322376394,25.512547683742184
974,26.25503689576118,26.254719468856194,26.253990399694487,26.216808324354645,25.533283894580507,25.512676957501924
976,26.255075015803925,26.254760558878445,26.25403062541733,26.21685583776599,25.53330229268289,25.51280511483941
978,26.255112785584686,26.254801264842,26.254070475180185,26.216902917246614,25.533320517411255,25.512932166714847
980,26.25515020929032,26.254841590640865,26.25410995306123,26.216949566061828,25.533338569477166,25.51305812427705
982,26.255187291132586,26.2548815401978,26.254149063195257,26.216995787227745,25.53335644958139,25.513182998878904
984,26.255224035351205,26.254921117466267,26.25418780977799,26.217041583501725,25.533374158415597,25.51330680208622
986,26.255260446215686,26.254960326435196,26.25422619707109,26.21708695737283,25.533391696667024,25.513429545693555
988,26.255296528026236,26.25499917113251,26.254264229406374,26.217131911050558,25.533409065021544,25.513551241734547
990,26.25533228511705,26.255037655628882,26.254301911191362,26.217176446457017,25.533426264166735,25.513671902495673
992,26.255367721857,26.25507578404148,26.25433924691282,26.2172205652152,25.53344329479586,25.513791540527848
994,26.25540284265213,26.255113560538405,26.254376241142097,26.217264268640577,25.5334601576115,25.51391016865938
996,26.25543765194749,26.255150989340848,26.25441289853933,26.21730755772961,25.533476853328295,25.514027800008932
998,26.2554721542287,26.25518807472912,26.254449223858558,26.217350433151807,25.53349338267691,25.514144447996443
1000,26.25550631873415,26.25522481386605,26.25448520448566,26.217392947062365,25.533509774045513,25.514260047321443
1000,26.25550631873415,26.25522481386605,26.25448520448566,26.217392947062365,25.533509774045513,25.514260047321443
